en,zh,ab,city,st,lat,lng,rg,type,pub,rank,chg,qs,acc,er,rr,tr,apps,sat,gpa,toefl,ielts,intl,tuition,test,rounds,ea,rdd,mf,alert,idef_c,idef_src,ivw_c,ivw_al,ivw_iv,ivw_src,cz,ce,tz,te,nz,ne,essays,idef_t,ivw_t,cds_src
Princeton University,普林斯顿大学,,Princeton,NJ,40.343,-74.655,NE,uni,0,1,0,25,4.4%,,,1.8%,42303,1490-1560,3.96,未设线,未设线,13%,"$68,454(26-27)",opt,REA|RD,11月1日(SCEA),1月1日,50:50,2027-28申请季起恢复要求提交标化(现G10及以下注意),hs,admission.princeton.edu/faqs,opt,1,nm,https://admission.princeton.edu/apply/application-checklist,距纽约和费城均约1小时车程,~1 hr drive to both NYC & Philadelphia,本科为王|学术纯度,Undergrad-first|Academic depth,"全美最专注本科教学的顶尖名校,数学、物理、公共政策标杆;偏爱有真实学术热情而非'包装感'的学生。","The most undergraduate-focused elite; benchmark in math, physics & public policy. Rewards authentic intellectual passion over packaging.","[{""t"":""【26-27新题已官宣】以下为该校2026-27申请季小文书(截至8月初,以Common App/官网为准)"",""w"":""✓""},{""t"":""学术兴趣: 文理/未定专业-哪些学术领域最激发好奇心,普林斯顿课程如何契合 / BSE工程-为何想在普林斯顿学工程,相关经历与项目契合度"",""w"":""250词""},{""t"":""个人经历如何影响课堂与校园对话,同学能从你的视角获得什么"",""w"":""400-500词""},{""t"":""结合个人故事,谈普林斯顿的服务与公民参与传统"",""w"":""250词""},{""t"":""三道小题: 想学的新技能 / 快乐来源 / 能代表你当下生活配乐的一首歌"",""w"":""各50词""}]",国籍不会影响我们对申请人身份（国内学生或国际学生）的判定。在美国就读中学的学生被视为国内申请人；在国外就读中学的学生被视为国际申请人。,"校友面试可选且不保证,视地区校友资源而定;选择退出不影响录取",CDS 2025-26
Massachusetts Institute of Technology,麻省理工学院,MIT,Cambridge,MA,42.36,-71.094,NE,uni,0,2,0,1,4.5%,6.0%,2.4%,2.4%,28232,1520-1570,,90(建议100),7.0(建议7.5),12%,"$64,730",req,EA|RD,11月1日(EA),1月4日,52:48,,id,mitadmissions.org/apply/firstyear/international/,opt,1,nm,https://mitadmissions.org/apply/firstyear/interview/,"波士顿都会区核心,查尔斯河畔","Heart of metro Boston, on the Charles River",理工极客|动手创造,STEM geek|Maker culture,"全球理工圣地,EA不限制申请其他学校;看重'动手做过什么',竞赛+项目实证远胜头衔堆砌。",Global STEM mecca with non-restrictive EA. Values what you've built and proven — projects and olympiads over titles.,"[{""t"":""【26-27新题已官宣】以下为该校2026-27申请季小文书(截至8月初,以Common App/官网为准)"",""w"":""✓""},{""t"":""四道主题: ①最想学的领域(field of study)及兴趣由来 ②你在教育路径上做过哪些'不走寻常路'的事 ③个人与学术经历如何影响你想用MIT教育解决的问题,以及想与谁合作 ④如何应对一次意料之外的情况或挑战,学到什么"",""w"":""各约100-200词""},{""t"":""四道小题: 纯为乐趣做的事 / 敬佩的人 / 能聊数小时的话题 / 你是通才还是专才"",""w"":""各40-50词""},{""t"":""开放补充栏: 任何想让招生官知道的其他信息(可选)"",""w"":""不限""}]",就申请而言，MIT将任何不持有美国公民身份或永久居留权的学生视为国际申请人，无论其居住地或就读学校位于何处。美国永久居民是指持有正式绿卡的学生。如果您正在申请绿卡，MIT会将您视为国际学生。,"由校友EC面试,视当地资源安排;无法安排自动豁免不影响录取",CDS 2025-26
Harvard University,哈佛大学,,Cambridge,MA,42.377,-71.117,NE,uni,0,3,0,5,4.2%,"8.7%(2028届EA,其后未公布)",,0.7%,47893,1450-1560,4.22(加权),未设线,未设线,15%,"$64,796",req,REA|RD,11月1日(REA),1月1日,47:53,,hs,college.harvard.edu/admissions/apply/international-applicants,opt,1,nm,https://college.harvard.edu/guides/what-expect-after-you-apply,波士顿都会区核心,Heart of metro Boston,全能领袖|资源之王,All-round leaders|Unmatched resources,"综合资源与校友网络天花板;录取看'在同类型申请人中是否第一',差异化叙事比全能平庸更重要。",The ceiling of resources & alumni networks. Admits the #1 in each 'lane' — a distinctive narrative beats well-rounded mediocrity.,"[{""t"":""【官网现行版本·2026.8核查】以下为官网当前在线小文书(页面未标注申请季年份,开学季请以Common App/官网为准)"",""w"":""→""},{""t"":""五题必答: ①塑造你的人生经历将如何让你为哈佛做贡献 ②一次观点强烈分歧的经历 ③塑造你的课外活动/工作/家庭责任 ④未来如何运用哈佛教育 ⑤室友最想了解你的三件事"",""w"":""各150词""}]",国际生通常指的是来自美国以外学校的申请者，因为这些学校提交的文件可能与美国高中提交的文件有很大不同。哈佛同时说明：因流程、时间表、助学金对所有人相同，无需正式区分国内/国际申请人。,"校友面试由招生委员会酌情按地区资源安排,不可自行申请;无面试不影响",CDS 2025-26
Stanford University,斯坦福大学,,Stanford,CA,37.428,-122.17,W,uni,0,4,0,3,3.6%,,,1.6%,57326,1520-1570,3.94,未设线,未设线,13%,"$68,574",req,REA|RD,11月1日(REA),1月5日,48:52,,id,admission.stanford.edu/apply/international/,opt,1,nm,https://admission.stanford.edu/apply/first-year/interview.html,"硅谷腹地,距旧金山约35英里","Heart of Silicon Valley, ~35 mi to San Francisco",创业基因|跨界创新,Entrepreneurial|Cross-disciplinary,"硅谷发动机,文书极看重'intellectual vitality';喜欢把想法真正做成产品/影响力的学生。",Silicon Valley's engine; essays screen for intellectual vitality. Loves students who turn ideas into real products and impact.,"[{""t"":""【官网现行版本·2026.8核查】以下为官网当前在线小文书(页面未标注申请季年份,开学季请以Common App/官网为准)"",""w"":""→""},{""t"":""五道短问答: 社会最大挑战 / 过去两个夏天 / 想见证的历史时刻 / 一项活动或家庭责任 / 对你重要的五样东西"",""w"":""各3-50词""},{""t"":""①让你真正对学习感到兴奋的想法或经历 ②给未来室友的一封短信 ③你的经历/兴趣/品格将如何为斯坦福做出独特贡献"",""w"":""各100-250词""}]",美国公民、美国永久居民和无证/DACA学生被视为国内申请人。如果你是美国公民或美国永久居民、在国外生活和上学，在助学金层面按国内申请人处理，申请则会结合你就读中学的背景审阅。,"可选校友面试,按地区校友资源发出邀请,不保证;无面试不影响录取",CDS 2025-26
Yale University,耶鲁大学,,New Haven,CT,41.316,-72.922,NE,uni,0,4,1,21,4.7%,10.8%(REA),,2.6%,50264,1480-1560,,无硬性线(建议100+),无硬性线(建议7+),11%,"$69,900",flex,REA|RD,11月1日(REA),1月2日,49:51,,id,admissions.yale.edu/international,inv,1,nm,https://admissions.yale.edu/interviews,距纽约约1.5小时、波士顿约2.5小时车程,"~1.5 hrs to NYC, ~2.5 hrs to Boston",人文艺术|社区归属,Humanities & arts|Community,"人文、艺术、法学预备最强;Test-Flexible可用AP/IB代替SAT。住宿学院制,重视'会让校园更好的人'。","Strongest in humanities, arts & pre-law; test-flexible (AP/IB accepted). Residential colleges prize community builders.","[{""t"":""【26-27新题已官宣】以下为该校2026-27申请季小文书(截至8月初,以Common App/官网为准)"",""w"":""✓""},{""t"":""Short answer: a topic or idea that excites you, related to the academic areas you selected — why are you drawn to it?"",""w"":""200词""},{""t"":""Short takes(三题): ①若能开一门课/写一本书/创作一件艺术品,会是什么 ②希望在大学里成长的一个方面 ③申请中未体现的一件事"",""w"":""各35词""},{""t"":""Essay三选一: 与持相反观点者的一次重要讨论 / 你所属的一个社区及其意义 / 将丰富耶鲁校园的个人经历"",""w"":""400词""}]",所有申请人无论国籍、公民身份或原籍国，均通过同一“全人”审核流程审阅；海外中学申请者与其他申请人要求完全相同。（惯例上，非美国公民/永居者按国际生统计。）,"面试仅限受邀,由校友(ASC)或耶鲁高年级生进行;未受邀不代表劣势",CDS 2025-26
University of Chicago,芝加哥大学,UChicago,Chicago,IL,41.789,-87.6,MW,uni,0,6,5,13,4.5%,,,9.3%,43612,1510-1560,4.97(加权),无硬性线(可自愿提交),无硬性线(可自愿提交),18%,"$73,962",opt,ED0|EA|ED1|ED2|RD,11月2日(EA/ED1)/1月4日(ED2),1月4日,54:46,,both,collegeadmissions.uchicago.edu/apply/international-applicants/,none,,nm,https://mag.uchicago.edu/node/6957,距芝加哥市中心约11公里(海德公园区),"Hyde Park, ~11 km from downtown Chicago",思辨怪才|经济学重镇,Quirky intellectual|Econ powerhouse,"批次最多(含夏校学员专属ED0),'怪题文书'筛选真正爱思考的学生;经济、数学、社科顶尖。",Most rounds of any elite (incl. ED0 for its summer-program alumni); famously quirky essays filter true thinkers. Top econ/math.,"[{""t"":""【26-27新题已官宣】以下为该校2026-27申请季小文书(截至8月初,以Common App/官网为准)"",""w"":""✓""},{""t"":""Q1(必答): How does UChicago, as you know it now, satisfy your desire for a particular kind of learning, community, and future?"",""w"":""1-2页""},{""t"":""Q2扩展文书五选一(新题): ①思想如何'进食'——思想的营养是什么 ②借一种艺术手法解决一个问题(灵感:韦伯望远镜的折纸术) ③自创混合隐喻并阐释 ④用日常活动设计一个奥运新项目 ⑤从历年怪题档案自选或自拟题目"",""w"":""1-2页""}]",就助学金而言，若您既非美国公民也非美国永久居民，无论居住和就读于何处，均视为国际申请者。就审阅而言，无论国籍如何，申请都将结合就读高中所在地进行审核。,"2018年起取消校园及校友面试,可选提交2分钟视频介绍",CDS 2024-25
Duke University,杜克大学,,Durham,NC,36.001,-78.939,S,uni,0,7,-1,62,5.7%,17.3%,4.2%,4.0%,51795,1510-1570,,100,7.0,11%,"$72,795",opt,ED1|RD,11月2日(ED),1月4日,46:54,,id,admissions.duke.edu,opt,1,rec,https://admissions.duke.edu/alumni-interviews/,距北卡州府罗利约半小时车程,"~30 min drive to Raleigh, NC",精英活力|体育名校,Preppy energy|Athletics powerhouse,"学术+社交+体育'全都要'的南方哈佛;ED录取率显著高于RD,适合坚定首选者。","The 'Southern Ivy' that wants it all — academics, energy, athletics. ED admit rate far exceeds RD; best for committed first choices.","[{""t"":""Your impression of Duke and why it is a good match for your goals, values, and interests"",""w"":""250词""},{""t"":""Optional, choose up to 1 of 4: AI use / perspectives you bring / respectful disagreement / recent excitement"",""w"":""250词""}]","美国公民、美国永久居民被视为国内申请人，反之是国际生。（原文保留）(官网现行页面未见原文,以官网为准)","校友面试可选需在申请中勾选,名额有限;中国学生尤其鼓励InitialView",CDS 2025-26
Johns Hopkins University,约翰霍普金斯大学,JHU|Hopkins,Baltimore,MD,39.329,-76.62,NE,uni,0,7,-1,24,6.1%,10.9%,5.2%(CDS推算),4.8%,50259,1530-1560,3.93,无硬性线(建议100+),无硬性线(建议7.0+),15%,"$67,170",req,ED1|ED2|RD,11月1日(ED1)/1月2日(ED2),1月2日,45:55,,id,apply.jhu.edu/international-applicants,none,,nm,https://apply.jhu.edu/frequently-asked-questions/,距华盛顿特区约1小时车程,"~1 hr drive to Washington, D.C.",医学王牌|科研强度,Pre-med capital|Research intensity,"医学/公共卫生/生物医学工程全美标杆,本科生进实验室机会极多;2025-26申请季起已恢复标化要求。","The benchmark for medicine, public health & BME; abundant undergrad lab access. Tests required again since the 2025-26 cycle.","[{""t"":""Tell us about an important first in your life, big or small, that has shaped you (150th-anniversary theme)"",""w"":""350词""}]",如果符合以下条件，您将被视为国际申请人：不是美国公民、永久居民（持有绿卡的人）、合格的非公民，也不具有DACA或无证件身份；或是另一个国家的公民（不是美国永久居民、符合条件的非公民，或具有DACA或无证件身份），并且在美国上中学。,"官方明确不提供任何招生面试,也不接受会面请求",CDS 2024-25
Northwestern University,西北大学,,Evanston,IL,42.056,-87.675,MW,uni,0,7,-1,42,7.7%,23.0%,5.9%(CDS推算),12.0%,49474,1510-1560,,未设线,未设线,12%,"$70,589",opt,ED1|RD,11月1日(ED),1月4日,46:54,,id,admissions.northwestern.edu/apply/,none,,nm,https://admissions.northwestern.edu/faqs/application-process/,"密歇根湖畔,距芝加哥市中心约30分钟","On Lake Michigan, ~30 min to downtown Chicago",新闻传媒|实践导向,Journalism & media|Pre-professional,"新闻、传播、戏剧、工程皆强的'实用型藤校';ED占新生近半,早申意愿信号极重要。","Elite in journalism, comms, theater & engineering. ED fills nearly half the class — early commitment matters enormously.","[{""t"":""【26-27新题已官宣】以下为该校2026-27申请季小文书(截至8月初,以Common App/官网为准)"",""w"":""✓""},{""t"":""必答(新): 你的背景中哪些方面最深地塑造了你将如何参与Northwestern社区"",""w"":""300词""},{""t"":""可选1-2题: ①你会在The Rock上画什么 ②设计一门跨学科课程/创意项目 ③社区与归属 ④密歇根湖畔近芝加哥的区位吸引力 ⑤你的背景带来的视角"",""w"":""各<200词""}]",国际申请人指拥有美国以外国籍的学生（官网现行表述）。无证/DACA学生欢迎申请并可获需求型助学金。,已取消校友面试;仅提供信息性校友交流活动(Cat Chats)不计入评审,CDS 2024-25
University of Pennsylvania,宾夕法尼亚大学,UPenn|Penn,Philadelphia,PA,39.952,-75.193,NE,uni,0,7,3,15,4.9%,14.2%,4.0%(CDS推算),3.2%,65236,1510-1570,3.90,未设线,未设线,13%,"$71,236(25-26,含费)",req,ED1|RD,11月1日(ED),1月5日,46:54,,hs,admissions.upenn.edu/how-to-apply/international-applicants,opt,1,nm,https://ask.admissions.upenn.edu/hc/en-us/articles/360032039712,"费城市中心,距纽约约2小时","Central Philadelphia, ~2 hrs to NYC",商科之王|务实进取,Wharton finance|Pragmatic ambition,"沃顿商学院全球第一,整体氛围务实、职业导向;已恢复标化要求,ED偏好明确热爱宾大者。","Home of Wharton, the world's #1 undergrad business school; pragmatic, career-driven culture. Tests required again; strong ED tilt.","[{""t"":""【26-27新题已官宣】以下为该校2026-27申请季小文书(截至8月初,以Common App/官网为准)"",""w"":""✓""},{""t"":""①给一位尚未感谢的人写一封感谢短信 ②你将如何在Penn探索社群"",""w"":""各50-200词""},{""t"":""分学院题(文理/沃顿/工程/护理各1题): 学术好奇心或议题与该学院的契合"",""w"":""50-200词""},{""t"":""双学位/特殊项目(Huntsman/LSM/M&T/VIPER等)另有附加题"",""w"":""50-400词""}]",无论学生的国籍和永久居留身份如何，所有申请都将根据其目前就读的高中所在地进行评估。我们的申请流程和要求对所有申请者均相同。但是，国籍和永久居留身份会影响助学金的发放。,"校友交流视志愿者资源分配,不可主动申请,交流报告入档;无则不减分",CDS 2024-25
California Institute of Technology,加州理工学院,Caltech,Pasadena,CA,34.138,-118.125,W,uni,0,11,-5,10,2.6%,,,6.2%,13856,,,100,7.0,14%,"$68,708",req,REA|RD,11月1日(REA),1月4日,55:45,,both,admissions.caltech.edu（International Applicants）,none,,rec,https://www.admissions.caltech.edu/apply/first-year-applicants/international-applicants,距洛杉矶市中心约20分钟车程,~20 min to downtown Los Angeles,硬核科学|小而极致,Hardcore science|Tiny & elite,"每届仅200余人的科学圣殿,师生比全美之最;只适合真正痴迷数理的学生,标化已恢复必交。",~230 students per class; the purest science temple in America. Only for the truly math/physics-obsessed. Tests required.,"[{""t"":""【26-27新题已官宣】以下为该校2026-27申请季小文书(截至8月初,以Common App/官网为准)"",""w"":""✓""},{""t"":""STEM学术兴趣题(两部分): 所选学术领域及选择原因"",""w"":""150-200词""},{""t"":""学者品格二选一: STEM中他人塑造你的学习经历 / 面对不确定性的解题过程"",""w"":""200词""},{""t"":""科学驱动力三选二: 深入钻研某STEM兴趣 / 长期坚持的问题或项目 / 创造·搭建·编码·重设计的作品"",""w"":""各200词""},{""t"":""趣味题: 你将为Caltech社区带来的贡献/活动 (另有可选:学术准备背景补充)"",""w"":""100-150词""}]",国际申请者定义为非美国公民或永久居民，且在美国境外就读中学的学生。如果您以寻求庇护者、难民或无证学生的身份身处美国，则您属于美国国内申请者。,不设招生面试;国际生被鼓励提交InitialView对话及写作样本,CDS 2024-25
Cornell University,康奈尔大学,,Ithaca,NY,42.453,-76.474,NE,uni,0,12,-1,16,8.4%,21.5%,6.3%(CDS推算),11.7%,72523,1490-1550,,100,7.5,10%,"$74,970",req,ED1|RD,11月1日(ED),1月2日,46:54,,id,faq.enrollment.cornell.edu,none,,nm,https://admissions.cornell.edu/community/blog/lets-talk-about-cornell-admissions-interviews,"纽约上州,距纽约市约4小时车程","Upstate NY, ~4 hrs to NYC",学院分申|专业齐全,"Apply by college|Any person, any study","藤校中体量最大、专业最全,按学院分开申请(酒店管理/工程/建筑各有天地);2026年秋入学起恢复标化。","Largest, broadest Ivy; you apply to a specific college (hotel, engineering, architecture...). Tests required from fall-2026 entry.","[{""t"":""【26-27新题已官宣】以下为该校2026-27申请季小文书(截至8月初,以Common App/官网为准)"",""w"":""✓""},{""t"":""全校统一文书已取消(Fall 2027起;官网文书页截至2026.8尚未同步,以Common App为准),仅需完成所申学院文书:"",""w"":""—""},{""t"":""文理学院: 学习热情如何塑造你的学术路径,哪些专业让你兴奋及原因"",""w"":""650词""},{""t"":""商学院: 用个人/学术/志愿经历描述你关心的议题及其重要性 · ILR类似(需体现与ILR契合)"",""w"":""650词""},{""t"":""工程学院: 为何学工程+为何康奈尔工程(2×200词)+四道短答(快乐来源/社区贡献/重要活动/重要成就,各100词)"",""w"":""见题""},{""t"":""人类生态600词 / 建筑艺术规划650词 / Brooks公共政策: 各院主题文书"",""w"":""见题""}]",如果您不持有美国公民身份或已获批准的永久居民身份（绿卡），则被视为国际学生；永久居民身份正在审批中的学生也被视为国际学生。无证学生（无论是否持DACA）若从美国高中毕业，在入学和经济援助方面按美国本土学生对待。康奈尔根据你目前就读的学校而非公民身份来审阅申请材料，你的材料会与来自你所在学校及同一州（美国）或同一国家的申请一起审阅。,"各学院不提供评估性面试;CAAAN校友交流仅信息性,不影响录取",CDS 2025-26
Brown University,布朗大学,,Providence,RI,41.827,-71.403,NE,uni,0,13,0,69,6.3%,14.4%,4.1%(CDS推算),7.2%,51316,1470-1550,3.98,无硬性线(建议105+),无硬性线(建议8.0+),14%,"$71,312(24-25)",req,ED1|RD,11月1日(ED),1月5日,49:51,,id,admission.brown.edu,none,,acc,https://admission.brown.edu/first-year/video-introduction,距波士顿约1小时车程,~1 hr drive to Boston,自由课程|个性表达,Open curriculum|Individuality,"无必修课的'开放课程'鼻祖,鼓励学生自己设计学术路径;适合自驱力强、有主见的孩子。",Pioneer of the no-requirements Open Curriculum — you design your own path. Best for self-driven students with a point of view.,"[{""t"":""Academic interests that excite you and how you might pursue them via Brown's Open Curriculum"",""w"":""200-250词""},{""t"":""How an aspect of your growing up inspired or challenged you; your unique contribution to Brown"",""w"":""200-250词""},{""t"":""Tell us about something that brings you joy"",""w"":""200-250词""},{""t"":""Shorts: 3 words describing you; a class you'd teach (100词); in one sentence, Why Brown (50词)"",""w"":""见各题""}]","如果你需要任何签证才能就读布朗，那您就是国际生。（原文保留）(官网现行页面未见原文,以官网为准)","无校友面试,鼓励提交90秒视频介绍;国际生可用InitialView面试代替提交",CDS 2025-26
Dartmouth College,达特茅斯学院,,Hanover,NH,43.703,-72.289,NE,uni,0,13,2,247,6.0%,21.6%,3.8%(CDS推算),9.9%,28230,1440-1550,,无硬性线(建议100+),无硬性线(建议7+),15%,"$71,525(26-27)",req,ED1|RD,11月1日(ED),1月1日,52:48,,id,admissions.dartmouth.edu/glossary-question/who-considered-international-student-dartmouth,opt,1,acc,https://admissions.dartmouth.edu/glossary-term/alumni-interview,"新英格兰山区,距波士顿约2小时","New England mountains, ~2 hrs to Boston",户外精神|紧密校友,Outdoorsy|Tight-knit alumni,"藤校中最'文理学院气质',小班教学+超强校友网;首个恢复标化的藤校,爱户外爱社群者的天堂。","The most liberal-arts-like Ivy: small classes, legendary alumni loyalty. First Ivy to reinstate testing; heaven for outdoors lovers.","[{""t"":""【26-27新题已官宣】以下为该校2026-27申请季小文书(截至8月初,以Common App/官网为准)"",""w"":""✓""},{""t"":""必答: Why Dartmouth——学术/社区/校园环境为何适合你"",""w"":""100词""},{""t"":""必答二选一: 成长环境如何塑造今日之你('Let your life speak') / 借王尔德'做你自己'自我介绍"",""w"":""250词""},{""t"":""必答六选一: 令你兴奋之事 / 积极影响他人 / 阅读改变视角 / 一次艰难对话 / 庆祝自己的兴趣 / 差异塑造身份"",""w"":""250词""}]",达特茅斯学院将所有非美国公民视为国际学生，但以下情况除外：美国永久居民、符合条件的非公民以及在美国的无证学生。,"校友面试可选且评估性,视地区校友资源不保证;已做InitialView鼓励提交",CDS 2025-26
Columbia University,哥伦比亚大学,,New York,NY,40.808,-73.962,NE,uni,0,15,-2,38,3.9%,13.2%,2.8%(CDS推算),9.0%,60247,1510-1560,,105,7.5,21%,"$74,180",opt,ED1|RD,11月1日(ED),1月1日,50:50,2027-28申请季起恢复标化要求(现G10及以下注意),id,undergrad.admissions.columbia.edu（International Applicants）,none,,nm,https://undergrad.admissions.columbia.edu/apply/firstyear,纽约曼哈顿上西区,"Upper Manhattan, New York City",核心课程|都市资源,Core Curriculum|NYC access,经典'核心课程'+曼哈顿全部资源;适合既要名著思辨又要城市实习机会的学生。,Great Books Core plus everything Manhattan offers — for students who want both deep seminars and city internships.,"[{""t"":""List texts, resources, and outlets that contributed to your intellectual development outside class"",""w"":""100词""},{""t"":""An aspect of your lived experience shaping how you'd learn from and contribute to Columbia's community"",""w"":""150词""},{""t"":""A time you disagreed about an idea; how you engaged and what you learned"",""w"":""150词""},{""t"":""A barrier or obstacle you faced and the qualities or insights you developed"",""w"":""150词""},{""t"":""Why are you interested in attending Columbia"",""w"":""150词""},{""t"":""What attracts you to your preferred areas of study"",""w"":""150词""}]",非美国公民、非永久居民、没有难民签证或庇护身份、不是无证件或DACA受益人的学生被视为国际学生。,"官方声明2023年起面试不再是申请流程的一部分,无校友面试",CDS 2024-25
"University of California, Berkeley",加州大学伯克利分校,UCB|Cal|Berkeley,Berkeley,CA,37.872,-122.259,W,uni,1,15,2,17,11.4%,,,24.2%,126864,test-blind,"4.31-4.65(加权,录取者)",80 / 新制4.5,6.5,10%,"$54,858(州外,26-27)",blind,RD,,11月30日(单轮),44:56,,id,admissions.berkeley.edu（International Applicants）,none,,nm,https://admission.universityofcalifornia.edu/how-to-apply/applying-as-a-first-year/index.html,"旧金山湾区东岸,距旧金山约30分钟","East Bay, ~30 min to San Francisco",公立之王|硬核竞争,Top public|Intense & competitive,"公立第一,CS/工程/商科神级;UC系统不看标化、单一截止日期(11月底),文书用PIQ四选四。",America's #1 public; god-tier CS/engineering. UC system is test-blind with one late-Nov deadline and its own PIQ essays.,"[{""t"":""【说明】UC全系统共用一份申请:8道PIQ选答4道,每篇不超过350词;不设主文书"",""w"":""8选4""},{""t"":""①领导力: Describe an example of your leadership experience in which you have positively influenced others, helped resolve disputes or contributed to group efforts over time"",""w"":""350词""},{""t"":""②创造力: Every person has a creative side, and it can be expressed in many ways. Describe how you express your creative side"",""w"":""350词""},{""t"":""③天赋技能: What would you say is your greatest talent or skill? How have you developed and demonstrated that talent over time?"",""w"":""350词""},{""t"":""④教育机会/障碍: Describe how you have taken advantage of a significant educational opportunity or worked to overcome an educational barrier you have faced"",""w"":""350词""},{""t"":""⑤重大挑战: Describe the most significant challenge you have faced and the steps you have taken to overcome it. How has this challenge affected your academic achievement?"",""w"":""350词""},{""t"":""⑥心仪学科: Think about an academic subject that inspires you. Describe how you have furthered this interest inside and/or outside of the classroom"",""w"":""350词""},{""t"":""⑦社区贡献: What have you done to make your school or your community a better place?"",""w"":""350词""},{""t"":""⑧个人亮点: Beyond what has already been shared in your application, what do you believe makes you a strong candidate for admissions to the University of California?"",""w"":""350词""}]",如果您需要签证才能在美国居住和学习，或将从美国境外的高中毕业，则您属于国际申请人。目前居住和学习在美国境外的美国公民、永久居民则被视为持有外国学历的国内申请人。,"加州大学统一申请流程不含面试环节,伯克利无招生面试",UC Fall 2025 profile
Rice University,莱斯大学,,Houston,TX,29.717,-95.402,S,uni,0,17,1,119,8.0%,16.8%,7.1%(CDS推算),6.9%,32473,1510-1560,,100,7.0,13%,"$67,497(24-25)",opt,ED1|ED2|RD,11月1日(ED1),1月4日(RD/ED2),50:50,,id,admission.rice.edu（International Students）,rec,1,acc,https://admission.rice.edu/apply/first-year-international-applicants,"休斯敦市中心旁,医学城资源丰富","Adjacent to Texas Medical Center, Houston",温暖小班|住宿学院,Warm & small|Residential colleges,"'南方小藤',师生关系全美最亲密之一;紧邻全球最大医学中心,理工医俱佳,建议提交标化。","A warm 'Southern Ivy' with famously close faculty ties, next to the world's largest medical center. Scores recommended.","[{""t"":""【26-27新题已官宣】以下为该校2026-27申请季小文书(截至8月初,以Common App/官网为准)"",""w"":""✓""},{""t"":""①Rice的学术兴趣方向(150词) ②Rice体验中吸引你的元素(150词)"",""w"":""各150词""},{""t"":""③二选一: 你的生命经历/视角将如何融入住宿学院制 或 change agents多元社区"",""w"":""500词""},{""t"":""The Box: 提交一张对你有意义的二维图片"",""w"":""图片""}]",莱斯大学一年级国际申请者是指将在本学年结束前完成高中学业的外国公民。外国公民包括居住在美国境外的学生，以及居住在美国但持有或计划持有有效F-1、J-1、H-1、H-4等签证/身份的学生，以及正在申请永居留权的学生。莱斯对国际学生的认定依据是其居住地或公民身份，而非其居住和学习地点。,"官方建议面试但可选且不保证,由校友或在校生主持;国际生可交InitialView",CDS 2024-25
"University of California, Los Angeles",加州大学洛杉矶分校,UCLA,Los Angeles,CA,34.069,-118.445,W,uni,1,17,-2,46,9.4%,,,23.4%,145086,test-blind,"4.44-4.78(加权,录取者)",未设线(建议100+) / 新制最低4.5,未设线(建议7.5+),8%,"$54,858(州外,26-27)",blind,RD,,11月30日(单轮),39:61,,id,admission.ucla.edu（International Applicants）,none,,nm,https://admission.ucla.edu/apply/first-year/first-year-requirements,"洛杉矶西区,近好莱坞与硅滩","Westwood, LA — near Hollywood & Silicon Beach",全美申请最多|影视传媒,Most-applied-to|Film & media,全美申请人数最多的大学;影视、传媒、生科、篮球文化俱佳。UC系统不看标化。,"America's most-applied-to university; elite film, media, biosciences. Test-blind under the UC system.","[{""t"":""【说明】UC全系统共用一份申请:8道PIQ选答4道,每篇不超过350词;不设主文书"",""w"":""8选4""},{""t"":""①领导力: Describe an example of your leadership experience in which you have positively influenced others, helped resolve disputes or contributed to group efforts over time"",""w"":""350词""},{""t"":""②创造力: Every person has a creative side, and it can be expressed in many ways. Describe how you express your creative side"",""w"":""350词""},{""t"":""③天赋技能: What would you say is your greatest talent or skill? How have you developed and demonstrated that talent over time?"",""w"":""350词""},{""t"":""④教育机会/障碍: Describe how you have taken advantage of a significant educational opportunity or worked to overcome an educational barrier you have faced"",""w"":""350词""},{""t"":""⑤重大挑战: Describe the most significant challenge you have faced and the steps you have taken to overcome it. How has this challenge affected your academic achievement?"",""w"":""350词""},{""t"":""⑥心仪学科: Think about an academic subject that inspires you. Describe how you have furthered this interest inside and/or outside of the classroom"",""w"":""350词""},{""t"":""⑦社区贡献: What have you done to make your school or your community a better place?"",""w"":""350词""},{""t"":""⑧个人亮点: Beyond what has already been shared in your application, what do you believe makes you a strong candidate for admissions to the University of California?"",""w"":""350词""}]",国际学生是指需要F-1签证才能在美国学习的学生。在申请审核过程中，所有学生都会根据其目前就读的课程进行评估，无论其国籍如何。,"官网明示不提供招生面试,仅依据UC申请材料进行评审",UCLA Fall 2025 profile
Vanderbilt University,范德堡大学,Vandy,Nashville,TN,36.145,-86.803,S,uni,0,17,1,250,5.4%,13.2%(ED),3.3%,21.8%,45409,1510-1560,3.90,未设线(建议100+),未设线(建议7.0+),11%,"$67,934",opt,ED1|ED2|RD,11月1日(ED1)/1月1日(ED2),1月1日,48:52,,id,vanderbilt.edu/financialaid（International）,none,,acc,https://admissions.vanderbilt.edu/faq/,"纳什维尔市中心,音乐之城",Downtown Nashville — Music City,快乐学霸|南方绅士,"Work hard, smile|Southern charm","'最快乐的顶尖名校',学业强但氛围友好;教育学院、人力组织发展专业独树一帜。",The 'happiest elite' — rigorous but famously friendly. Peabody education & HOD programs are one of a kind.,"[{""t"":""【26-27新题已官宣】以下为该校2026-27申请季小文书(截至8月初,以Common App/官网为准)"",""w"":""✓""},{""t"":""校训题(新): Vanderbilt motto 'Crescere aude'(敢于成长)——你的身份、文化或背景如何促成个人成长,并将如何贡献于校园社区"",""w"":""约250词""}]",如果是美国以外国家的公民，范德堡大学会将您视为国际学生；如果是美国双重国籍公民、美国永久居民、难民/避难者或居住在国外的美国公民，则不会被视为国际学生。（实质等同于现行官网“是否符合联邦学生资助资格/eligible non-citizen”口径。）,"招生办不设面试;可选提交Glimpse短视频,国际生可约InitialView视频面试",CDS 2025-26
Carnegie Mellon University,卡耐基梅隆大学,CMU,Pittsburgh,PA,40.443,-79.943,NE,uni,0,20,1,52,11.1%,20.6%,10.3%(CDS推算),8.4%,34867,1500-1560,3.89,102,7.5,22%,"$68,776",flex,ED1|ED2|RD,11月2日(ED1),1月4日,54:46,,id,cmu.edu/admission（International）,none,,rec,https://www.cmu.edu/admission/admission/international-applicants,"匹兹堡市区,距市中心约4.8公里",~5 km from downtown Pittsburgh,计算机圣地|艺术科技,CS mecca|Art × tech,"CS全美第一梯队,戏剧/设计/艺术同样顶尖;计算机学院要求SAT/ACT,其他学院Test-Flexible。",Top-tier CS plus elite drama/design. Its School of Computer Science requires SAT/ACT; other colleges are test-flexible.,"[{""t"":""What passion or inspiration led you to choose your intended area of study"",""w"":""300词""},{""t"":""How will you define a successful college experience"",""w"":""300词""},{""t"":""What do you want to emphasize about your application; something you haven't had a chance to share"",""w"":""300词""}]",我们将国际申请人定义为：美国以外国家的公民或永居民、且将持临时签证在美国学习的人。,官方不提供面试;建议非英语母语申请者提交InitialView或Vericant面试,CDS 2025-26
"University of Michigan, Ann Arbor",密歇根大学安娜堡分校,UMich|Michigan,Ann Arbor,MI,42.278,-83.738,MW,uni,1,20,1,45,16.4%,,,35.0%,109112,1370-1530,3.90,100,7.0,7%,"$63,962(州外)",opt,EA|ED1|RD,11月1日(EA/ED),2月1日,46:54,,id,umich.edu（官方Admissions知识库）,none,,nm,https://obp.umich.edu/wp-content/uploads/pubdata/cds/CDS_2024-25_UMAA.pdf,"大学城,距底特律约45分钟车程","Classic college town, ~45 min to Detroit",公立常春藤|巨型全能,Public Ivy|Comprehensive giant,"公立常春藤代表,商学院Ross与工程俱佳;2025-26起新增绑定ED,EA出结果较慢需耐心。",Flagship Public Ivy with elite Ross business & engineering. Added binding ED in 2025-26; EA decisions can be slow.,"[{""t"":""Share how you are prepared to contribute to developing leaders who challenge the present and enrich the future"",""w"":""300词""},{""t"":""Why the specific U-M college/school you're applying to; how would that curriculum support your interests?"",""w"":""500词""}]",国内学生：指美国公民或美国永久居民，无论其居住地或受教育地在哪里。国际学生：指非美国公民或美国永久居民的学生（非居民外国人）。,"申请材料不含面试,官方CDS列面试为不予考虑",CDS 2025-26
University of Notre Dame,圣母大学,Notre Dame|ND,Notre Dame,IN,41.703,-86.239,MW,uni,0,20,-2,294,9.4%,11.8%,,17.0%,35401,1460-1540,,未设线(建议100+),未设线(建议7.5+),7%,"$67,606",opt,REA|RD,11月1日(REA),1月4日,51:49,,both,admissions.nd.edu/apply/resources-for/international-applicants/international-faqs/,none,,rec,https://admissions.nd.edu/apply/resources-for/international-applicants/application-information/,"印第安纳州南本德,距芝加哥约145公里","South Bend, IN — ~90 mi from Chicago",信仰社区|校友忠诚,Faith & values|Fierce loyalty,"天主教背景的顶尖学府,社区凝聚力和校友网络极强;REA不绑定但限制同时ED他校,新增可选视频介绍。",Top Catholic university with unmatched community & alumni loyalty. Non-binding REA (no ED elsewhere); new optional video intro.,"[{""t"":""【官网现行版本·2026.8核查】以下为官网当前在线小文书(页面未标注申请季年份,开学季请以Common App/官网为准)"",""w"":""→""},{""t"":""必答: 你寻找未来大学时的'不可妥协'因素"",""w"":""150词""},{""t"":""短答四选二: ①信仰如何影响你的决定 ②你经历的独特之处及如何丰富ND社区 ③如何在社区中关怀服务他人 ④你愿意为什么而战"",""w"":""各50-100词""}]",通常有三类“国际”学生：在国外的非美国公民、居住在美国的非美国公民和在国外的美国公民/永久居民。,不提供校友或校园面试;鼓励国际生用InitialView或Vericant展示英语能力,CDS 2025-26
Washington University in St. Louis,华盛顿大学圣路易斯分校,WashU|WUSTL,St. Louis,MO,38.648,-90.305,MW,uni,0,20,1,167,12.1%,25.3%,9.8%(CDS推算),14.0%,32754,1500-1550,4.19(加权),未设线(建议100+),未设线(建议7.0+),10%,"$69,594",opt,EA|ED1|ED2|RD,11月2日(EA/ED1)/1月4日(ED2),1月4日,45:55,,id,admissions.washu.edu / parents.washu.edu,none,,acc,https://admissions.washu.edu/contact-us/bear-chats,"圣路易斯市区西侧,森林公园旁","Beside Forest Park, St. Louis",医学预备|精致校园,Pre-med haven|Polished campus,"医学预科与建筑、商科俱佳,校园设施豪华;2026-27申请季新增EA轮,并开始看重'展示兴趣'。","Pre-med, architecture & business standout with lavish facilities. Adds a new EA round for 2026-27 and now tracks demonstrated interest.","[{""t"":""【26-27新题已官宣】以下为该校2026-27申请季小文书(截至8月初,以Common App/官网为准)"",""w"":""✓""},{""t"":""仅一题: 你想在大学学习什么、为什么(学术兴趣题,必答)——官宣取消原可选写作补充,另可选提交视频补充"",""w"":""250词""}]",国际学生是指在美国大学或学院全日制就读学位或非学位课程并持有临时非移民签证的个人。,"无评估性面试;Bear Chats为非正式交流,国际生可交InitialView/Vericant",CDS 2025-26
Emory University,埃默里大学,,Atlanta,GA,33.792,-84.324,S,uni,0,24,0,182,10.3%,22.2%,8.6%(CDS推算),22.7%,37556,1480-1540,3.80,未设线(建议100+),未设线(建议7.5+),17%,"$68,056",opt,ED1|ED2|RD,11月1日(ED1)/1月1日(ED2),1月1日,44:56,,id,apply.emory.edu / gs.emory.edu,none,,rec,https://apply.emory.edu/apply/international-applicants.html,"亚特兰大市区东北,近CDC总部","NE Atlanta, next to the CDC",医商双强|南方精英,Health & business|Southern elite,"紧邻CDC,公共卫生/医预/商科强;牛津学院两年小班路径是低调的'曲线入学'选择。","Next door to the CDC — strong public health, pre-med, business. Its Oxford College path is a savvy small-class entry route.","[{""t"":""What academic areas are you interested in exploring at Emory and why?"",""w"":""200词""},{""t"":""Choose one: shaping a community / expanding cultural awareness / contributing to Emory's service mission / navigating disagreement"",""w"":""150词""}]",“国际申请人”是指既非美国公民也非美国永久居民的申请人。您目前居住或学习的地点无关紧要。,"不设评估性面试;国际生可交InitialView,中国大陆学生获强烈建议",CDS 2025-26
Georgetown University,乔治城大学,,Washington,DC,38.908,-77.073,NE,uni,0,24,0,285,13.5%,,,11.1%,26822,1405-1530,,未设线(建议提交),未设线(建议提交),14%,"$71,338",req,EAR|RD,11月1日(EA·限),1月10日,41:59,,id,uadmissions.georgetown.edu,req,1,nm,https://uadmissions.georgetown.edu/apply/first-year-applicants/application-requirements-and-forms/,"华盛顿特区,距白宫仅几分钟路程","Washington, D.C. — minutes from the White House",政治外交|精英传统,Politics & diplomacy|Old-school elite,"外交学院全球第一,政商法脉络深;EA为限制性——不可同时申请任何学校的绑定ED(被defer后可补申他校ED2);2026年8月起首次加入Common App。","World's top school of foreign service, deep D.C. networks. EA is restrictive — no simultaneous binding ED elsewhere (ED2 allowed after deferral). Joins the Common App from Aug 2026.","[{""t"":""【官网现行版本·2026.8核查】以下为官网当前在线小文书(页面未标注申请季年份,开学季请以Common App/官网为准)"",""w"":""→""},{""t"":""①投入最多的活动对你的意义 ②与持不同观点者互动的经历及收获"",""w"":""各250词""},{""t"":""③最能描述你的个人/创意文书(可用CA主文书) ④分学院Why Essay(文理/外交/商/护理健康等各有指定题)"",""w"":""650词/500词""}]","美国公民、美国永久居民被视为国内申请人，反之是国际生。（原文保留）(官网现行页面未见原文,以官网为准)","校友面试为申请核心环节,获安排后必须完成;国际生若排不到面试不受影响",CDS 2025-26
University of North Carolina at Chapel Hill,北卡罗来纳大学教堂山分校,UNC,Chapel Hill,NC,35.905,-79.047,S,uni,1,26,1,140,16.7%,,,36.5%,76247,1400-1530,4.47(加权),未设线(建议100+),未设线(建议7.5+),8%,"$45,220(州外)",opt,EA|RD,10月15日(EA),1月15日,39:61,,id,admissions.unc.edu（International Students）,none,,nm,https://oira.unc.edu/wp-content/uploads/sites/297/2026/06/CDS_UNCCH_2025-26_20260615.pdf,"北卡研究三角区,距罗利约30分钟","Research Triangle, ~30 min to Raleigh",公立名门|新闻商科,Public blueblood|Journalism & business,"'公立常春藤'创始成员,新闻、商科、篮球文化著名;州外录取率低,竞争接近私立名校。","Founding Public Ivy famed for journalism, business & basketball. Out-of-state admit rates rival elite privates.","[{""t"":""【26-27新政】该校已官宣取消小文书——只需Common App主文书"",""w"":""N/A""}]",如果不是美国公民或永久居民，将以国际学生身份申请。,"不提供招生面试,官方CDS列面试为不予考虑",CDS 2025-26
University of Virginia,弗吉尼亚大学,UVA,Charlottesville,VA,38.035,-78.503,S,uni,1,26,-2,275,16.8%,27.9%,15.9%(CDS推算),32.0%,58951,1410-1520,,未设线,未设线,5%,"$59,906(州外)",opt,EA|ED1|RD,11月1日(ED/EA),1月5日,44:56,,id,virginia.edu（Undergraduate Admission International）,none,,nm,https://admission.virginia.edu/faqs,"距首府里士满约1小时,华盛顿2.5小时","~1 hr to Richmond, 2.5 hrs to D.C.",杰斐逊传统|荣誉准则,Jeffersonian|Honor code,"杰斐逊创办的公立名校,本科商学院McIntire顶尖;ED/EA/RD三轮齐全,重视写作质量。","Jefferson's university; McIntire commerce is elite. Offers ED, EA and RD; essays carry real weight.","[{""t"":""【26-27新政】该校已官宣取消小文书——只需Common App主文书"",""w"":""N/A""}]",国际申请人是指在申请UVA时不是美国公民或美国永久居民的任何人。,"官网FAQ明示不提供面试,欢迎参加宣讲与参观但不影响录取",CDS 2024-25
University of Southern California,南加州大学,USC,Los Angeles,CA,34.022,-118.285,W,uni,0,28,-1,146,9.8%,,,21.6%,82027,1420-1540,3.80,100,7.0,13%,"$75,162",opt,ED1|EA|RD,11月1日(ED/EA),1月10日,48:52,,id,admission.usc.edu（International Students）,none,,rec,https://admission.usc.edu/prospective-students/how-to-apply/international-students/,"洛杉矶市中心以南,近影视产业圈","South of downtown LA, close to the film industry",影视传媒|校友帮衬,Film & media|Trojan network,"电影学院全球第一,'特洛伊家族'校友网在娱乐/创投圈势力强大;想拿奖学金必须申EA。",World's #1 film school and a famously loyal Trojan network in entertainment & VC. EA is required for merit scholarships.,"[{""t"":""How you plan to pursue your academic interests at USC (may address first- and second-choice majors)"",""w"":""250词""},{""t"":""Describe yourself in three words"",""w"":""25字符""},{""t"":""Quick-take short answers: favorite snack, dream job, theme song, dream trip, favorite book, etc."",""w"":""每题100字符""},{""t"":""Dornsife: with 10 minutes and a million people's attention, what would your talk be about?"",""w"":""250词""},{""t"":""Viterbi: how your contributions to the Viterbi student body may be distinct from others"",""w"":""250词""},{""t"":""Viterbi: which NAE Engineering Grand Challenge is most important to you, and why?"",""w"":""250词""}]",国际学生的定义是指持签证进入或已经进入美国的个人。已经在美国或计划持非移民签证（例如E2、H2或L2签证）进入美国的学生也被视为国际学生。请注意，持有DACA或其他无证身份的学生不被视为国际生。,不设评估性招生面试;鼓励国际生提交Duolingo、InitialView或Vericant面试,CDS 2024-25
"University of California, San Diego",加州大学圣地亚哥分校,UCSD,La Jolla,CA,32.88,-117.234,W,uni,1,29,0,66,28.6%,,,52.8%,136750,test-blind,"4.11-4.28(加权,录取者)",83 / 新制4.5(UC最低),7.0,12%,"$50,958(州外,24-25)",blind,RD,,11月30日(单轮),45:55,,id,admission.universityofcalifornia.edu / ucsd.edu,none,,nm,https://ir.ucsd.edu/stats/undergrad/CDS_UCSD_2024-20253.pdf,圣地亚哥拉霍亚海滨,"Seaside La Jolla, San Diego",生物医药|理工海景,Biotech hub|STEM by the sea,"生物、医药、海洋科学、CS强,毗邻生物科技产业带;书院制分七个学院,通识要求各不同。",Bio/biotech/CS powerhouse beside San Diego's biotech corridor; seven-college system with differing GE requirements.,"[{""t"":""【说明】UC全系统共用一份申请:8道PIQ选答4道,每篇不超过350词;不设主文书"",""w"":""8选4""},{""t"":""①领导力: Describe an example of your leadership experience in which you have positively influenced others, helped resolve disputes or contributed to group efforts over time"",""w"":""350词""},{""t"":""②创造力: Every person has a creative side, and it can be expressed in many ways. Describe how you express your creative side"",""w"":""350词""},{""t"":""③天赋技能: What would you say is your greatest talent or skill? How have you developed and demonstrated that talent over time?"",""w"":""350词""},{""t"":""④教育机会/障碍: Describe how you have taken advantage of a significant educational opportunity or worked to overcome an educational barrier you have faced"",""w"":""350词""},{""t"":""⑤重大挑战: Describe the most significant challenge you have faced and the steps you have taken to overcome it. How has this challenge affected your academic achievement?"",""w"":""350词""},{""t"":""⑥心仪学科: Think about an academic subject that inspires you. Describe how you have furthered this interest inside and/or outside of the classroom"",""w"":""350词""},{""t"":""⑦社区贡献: What have you done to make your school or your community a better place?"",""w"":""350词""},{""t"":""⑧个人亮点: Beyond what has already been shared in your application, what do you believe makes you a strong candidate for admissions to the University of California?"",""w"":""350词""}]",如果您不是美国公民或美国永久居民，并且持有非移民签证在美国学习，则您属于国际申请人。,"综合评审标准不含面试,官方CDS列面试为不予考虑",UC Fall 2025 + CDS 2025-26
University of Florida,佛罗里达大学,UF,Gainesville,FL,29.645,-82.349,S,uni,1,30,0,212,24.2%,,,44.9%,73557,1330-1490,3.90,未设线,未设线,3%,"$30,886(州外)",req,ED1|EA|RD,10月15日(ED)/11月1日(EA),1月15日,46:54,,hs,admissions.ufl.edu / ufonline.ufl.edu,none,,nm,https://data-apps.ir.aa.ufl.edu/public/cds/CDS_2023-2024_UFMAIN_Post.pdf,佛州中北部大学城,College town in north-central Florida,性价比|州旗舰,Great value|State flagship,"公立性价比标杆,佛州法律要求必交标化(SAT/ACT);27Fall首次新增ED:10月15日截止、12月11日放榜。","Public value benchmark; Florida law mandates test scores. New for 27Fall: first-ever ED round (Oct 15 deadline, Dec 11 notify).","[{""t"":""Your most meaningful commitment outside the classroom during high school and why"",""w"":""250词""},{""t"":""Honors College only: how you plan to navigate AI's role in your education within the Honors Program"",""w"":""400词""}]",已完成非美国机构高中课程的学生将在招生过程中作为国际申请人进行评估。,"申请流程无面试环节,官方CDS列面试为不予考虑",CDS 2025-26
University of Texas at Austin,德克萨斯大学奥斯汀分校,UT Austin|UT,Austin,TX,30.285,-97.734,S,uni,1,30,0,68,26.6%,,,22.5%,72885,1230-1480,,79,6.5,5%,"$44,908(州外,24-25)",req,EA|RD,10月15日(EA),12月1日,42:58,,id,admissions.utexas.edu（International）,none,,nm,https://admissions.utexas.edu/apply/frequently-asked-questions/,"德州首府,科技公司云集","Texas capital, booming tech scene",CS商科|科技新贵,CS & business|Tech boomtown,"CS/商科/石油工程顶尖,奥斯汀就业环境火热;已恢复标化要求,州外名额有限竞争激烈。","Elite CS, McCombs business & petroleum engineering in red-hot Austin. Tests required; limited out-of-state seats.","[{""t"":""Why are you interested in the major you indicated as your first-choice major?"",""w"":""250-300词""},{""t"":""Of all your activities in and outside school, which one are you most proud of and why?"",""w"":""250-300词""},{""t"":""Optional: events or exceptional circumstances that may have impacted your high school academic performance"",""w"":""250-300词""}]",如果在被录取时不是美国公民或永久居民，则归类为国际学生。例外：从德克萨斯州高中毕业（满足相应条件）的非公民/非永居学生，不按国际申请人流程处理。,官网FAQ明示普通本科录取不提供面试,CDS 2024-25
Georgia Institute of Technology,佐治亚理工学院,Georgia Tech|GT,Atlanta,GA,33.776,-84.398,S,uni,1,32,1,123,13.3%,,,20.0%,66881,1370-1530,4.17(加权),未设线(USG底线69),未设线(USG底线6.0),8%,"$35,092(州外)",req,EA|RD,"10月15日(EA1,限GA)/11月2日(EA2)",1月6日,60:40,,id,admission.gatech.edu（International）,none,,acc,https://admission.gatech.edu/first-year/interview,亚特兰大市中心,Midtown Atlanta,工科性价比|实习co-op,Engineering value|Co-op culture,"工程全美前五、学费远低于同档私立;标化必交,EA分州内州外两轮。",Top-5 engineering at a fraction of private tuition. Tests required; separate EA rounds for GA residents vs others.,"[{""t"":""【26-27新政】官宣取消原「为何选此专业+为何佐治亚理工」300词小文书——只需Common App主文书(官方:该题已不再是评审中的差异化因素)"",""w"":""N/A""}]",任何非美国公民或非美国永久居民在入学时均被视为国际学生。在录取过程中，我们会仔细审查您的具体学术背景和教育体系，以便为每位学生做出最合适的录取决定。,不设校友或招办面试;非英语母语者可选InitialView或Vericant第三方面试,CDS 2025-26
New York University,纽约大学,NYU,New York,NY,40.73,-73.997,NE,uni,0,32,-2,55,9.1%,,,38.6%,114125,1480-1550,3.81,未设线(建议100+),未设线(建议7.5+),26%,"$62,796(24-25)",opt,ED1|ED2|RD,11月1日(ED1)/1月1日(ED2),1月5日,41:59,,both,nyu.edu/admissions（International Applicants）,none,,nm,https://www.nyu.edu/admissions/undergraduate-admissions/how-to-apply/standardized-tests/english-language-testing.html,"曼哈顿格林威治村,无围墙校园",Greenwich Village — the city is the campus,都市舞台|商艺双全,Urban stage|Stern & Tisch,"Stern商学院+Tisch艺术学院双王牌,纽约就是校园;标化政策灵活,可用多种考试代替。",Stern (business) and Tisch (arts) headline a campus woven into NYC. Flexible testing menu if you submit.,"[{""t"":""Optional: how are you a bridge builder—connecting people, groups, and ideas to span divides (3 focus options)"",""w"":""250词""}]",非美国公民以及在其他国家上高中的美国公民都属于国际生（就纽约校区申请而言）。,"NYU不设面试,申请者也不可要求面试;官网未提及第三方面试",CDS 2024-25
"University of California, Davis",加州大学戴维斯分校,UCD|UC Davis,Davis,CA,38.539,-121.754,W,uni,1,32,1,114,44.3%,,,56.3%,102988,test-blind,"4.00-4.26(加权,录取者)",80 / 新制4.5,6.5,12%,"$54,953(州外)",blind,RD,,11月30日(单轮),41:59,,id,admission.universityofcalifornia.edu / ucdavis.edu,none,,nm,https://www.ucdavis.edu/admissions/undergraduate/apply/application-review-criteria,距州府萨克拉门托约20分钟,~20 min to Sacramento,农业兽医|田园学风,Ag & vet science|Laid-back,"农业、兽医、食品科学全美第一梯队,环境友好、自行车之城;UC系统不看标化。","Top-ranked agriculture, veterinary & food science in America's bike capital. Test-blind (UC).","[{""t"":""【说明】UC全系统共用一份申请:8道PIQ选答4道,每篇不超过350词;不设主文书"",""w"":""8选4""},{""t"":""①领导力: Describe an example of your leadership experience in which you have positively influenced others, helped resolve disputes or contributed to group efforts over time"",""w"":""350词""},{""t"":""②创造力: Every person has a creative side, and it can be expressed in many ways. Describe how you express your creative side"",""w"":""350词""},{""t"":""③天赋技能: What would you say is your greatest talent or skill? How have you developed and demonstrated that talent over time?"",""w"":""350词""},{""t"":""④教育机会/障碍: Describe how you have taken advantage of a significant educational opportunity or worked to overcome an educational barrier you have faced"",""w"":""350词""},{""t"":""⑤重大挑战: Describe the most significant challenge you have faced and the steps you have taken to overcome it. How has this challenge affected your academic achievement?"",""w"":""350词""},{""t"":""⑥心仪学科: Think about an academic subject that inspires you. Describe how you have furthered this interest inside and/or outside of the classroom"",""w"":""350词""},{""t"":""⑦社区贡献: What have you done to make your school or your community a better place?"",""w"":""350词""},{""t"":""⑧个人亮点: Beyond what has already been shared in your application, what do you believe makes you a strong candidate for admissions to the University of California?"",""w"":""350词""}]",如果您不是美国公民或美国永久居民，并且持有非移民签证在美国学习，则您属于国际申请人。,"仅按加州大学13项综合评审标准审核申请,录取过程无面试",UC Fall 2025 + CDS 2025-26
"University of California, Irvine",加州大学欧文分校,UCI,Irvine,CA,33.64,-117.844,W,uni,1,32,1,293,29.0%,,,39.5%,124231,test-blind,"4.04-4.27(加权,录取者)",80 / 新制4.5,6.5,12%,"$56,682(州外,含保险)",blind,RD,,11月30日(单轮),44:56,,id,admission.universityofcalifornia.edu / uci.edu,none,,nm,https://catalogue.uci.edu/informationforprospectivestudents/undergraduateadmissions/,"橙县核心,全美最安全城市之一",Orange County — one of America's safest cities,安全宜居|计算机游戏,Safe & suburban|CS & gaming,"CS/游戏设计/护理强,华人社区成熟、治安好,深受中国家庭欢迎;UC系统不看标化。","Strong CS/game design/nursing in safe, family-friendly Irvine — a favorite of Chinese families. Test-blind (UC).","[{""t"":""【说明】UC全系统共用一份申请:8道PIQ选答4道,每篇不超过350词;不设主文书"",""w"":""8选4""},{""t"":""①领导力: Describe an example of your leadership experience in which you have positively influenced others, helped resolve disputes or contributed to group efforts over time"",""w"":""350词""},{""t"":""②创造力: Every person has a creative side, and it can be expressed in many ways. Describe how you express your creative side"",""w"":""350词""},{""t"":""③天赋技能: What would you say is your greatest talent or skill? How have you developed and demonstrated that talent over time?"",""w"":""350词""},{""t"":""④教育机会/障碍: Describe how you have taken advantage of a significant educational opportunity or worked to overcome an educational barrier you have faced"",""w"":""350词""},{""t"":""⑤重大挑战: Describe the most significant challenge you have faced and the steps you have taken to overcome it. How has this challenge affected your academic achievement?"",""w"":""350词""},{""t"":""⑥心仪学科: Think about an academic subject that inspires you. Describe how you have furthered this interest inside and/or outside of the classroom"",""w"":""350词""},{""t"":""⑦社区贡献: What have you done to make your school or your community a better place?"",""w"":""350词""},{""t"":""⑧个人亮点: Beyond what has already been shared in your application, what do you believe makes you a strong candidate for admissions to the University of California?"",""w"":""350词""}]",如果您不是美国公民或美国永久居民，并且持有非移民签证在美国学习，则您属于国际申请人。,"综合评审仅考察学业与个人成就等因素,本科录取不设面试",UC Fall 2025 + CDS 2024-25
Boston College,波士顿学院,BC,Chestnut Hill,MA,42.336,-71.168,NE,uni,0,36,1,526,14%,33.4%,13.8%(CDS推算),27.7%,39686,1460-1520,3.94,100,7.5,7%,"$72,180",opt,ED1|ED2|RD,11月1日(ED1)/1月4日(ED2),1月4日,47:53,,id,bc.edu（Undergraduate Admission International）,none,,rec,https://www.bc.edu/bc-web/admission/apply/international.html,"波士顿西郊,距市中心约20分钟",~20 min west of downtown Boston,耶稣会教育|全人培养,Jesuit formation|Whole-person,"耶稣会'全人教育'传统,商学院Carroll与人文核心课程扎实;校园哥特式建筑颜值极高。",Jesuit whole-person education; solid Carroll business school and core humanities. Gorgeous Gothic campus.,"[{""t"":""【26-27新题已官宣】以下为该校2026-27申请季小文书(截至8月初,以Common App/官网为准)"",""w"":""✓""},{""t"":""五选一(400词);申请人本工程HCE者须答第5题:一个社会问题及HCE如何回应"",""w"":""400词""}]",如果学生不是美国公民或美国永久居民，则被视为国际申请人。,不设校方面试;官方鼓励国际生提交InitialView视频面试展示英语能力,CDS 2024-25
Tufts University,塔夫茨大学,,Medford,MA,42.407,-71.12,NE,uni,0,36,1,334,11.5%,32.0%,,21.2%,34432,1460-1520,3.87,100,7.0,12%,"$73,616",opt,ED1|ED2|RD,11月2日(ED1)/1月4日(ED2),1月4日,44:56,,both,admissions.tufts.edu/apply/applying-as-an-international-s/faqs/,opt,1,acc,https://admissions.tufts.edu/apply/alumni-interview/,"波士顿西北郊,距市中心约20分钟",~20 min NW of downtown Boston,国际关系|理想主义,Global affairs|Idealists,"国际关系王牌(Fletcher学院背书),学生聪明又有社会关怀;文书看重'为什么是塔夫茨'。","IR powerhouse (home of Fletcher); smart, civically minded students. The 'Why Tufts' essay really counts.","[{""t"":""【26-27新题已官宣】以下为该校2026-27申请季小文书(截至8月初,以Common App/官网为准)"",""w"":""✓""},{""t"":""①选校过程中你如何了解/接触了Tufts(75-150词)"",""w"":""75-150词""},{""t"":""②分学院: 文理-最喜欢的一次学校作业 / 工程-你参与创造的工程项目 / BFA-作品集中一件作品"",""w"":""100-200词""}]",塔夫茨按“当前就读学校所在地”而非公民身份分池审阅申请：美国公民在海外读高中，其申请按国际池审阅；长期在美国就读者，除非是美国公民或持绿卡的永久居民，否则仍属国际申请人。,"可选评估性面试,由校友或高年级学生进行且不保证;国际生可交InitialView/Vericant",CDS 2025-26
University of Illinois Urbana-Champaign,伊利诺伊大学厄本那-香槟分校,UIUC,Champaign,IL,40.102,-88.227,MW,uni,1,36,-3,70,42%,,,43.4%,73742,1380-1530,,未设线(中位105-112);新制政策线5.0/小分4.5,未设线(常见7.5+),15%,"$38,398-$46,498(州外,按专业)",opt,EA|RD,11月1日(EA),1月5日,51:49,,id,grad.illinois.edu / admissions.illinois.edu,unv,,nm,,驱车前往芝加哥需时2-3个小时,2-3 hr drive to Chicago,工科CS大厂|校友遍硅谷,CS & engineering|Silicon Valley pipeline,"CS与工程的'大厂直通车',Grainger工学院业界口碑极佳;直录CS竞争激烈,选专业策略很关键。",A straight pipeline to Big Tech; Grainger engineering is industry gold. Direct-admit CS is brutally competitive — major strategy matters.,"[{""t"":""An experience in the past 3-4 years related to your first-choice major"",""w"":""150词""},{""t"":""Personal/career goals after UIUC and how your first-choice major will help you achieve them"",""w"":""150词""},{""t"":""Undeclared or second-choice major applicants answer variant prompts on academic interests and goals"",""w"":""每题150词""}]",美国国内申请人必须是美国公民或合法永久居民，或已获得美国政府授予的庇护、难民或公共利益假释身份。国际申请人是指除美国以外、其计划返回的国家的公民或永久居民，可能持教育/工作/访问签证在美，也可能居住在其本国。已提交美国永居申请但尚未获批者仍属国际申请人。,"本轮官网访问受限未能核实面试政策,以官网为准",CDS 2024-25
University of Wisconsin-Madison,威斯康星大学麦迪逊分校,UW-Madison|Wisconsin,Madison,WI,43.075,-89.409,MW,uni,1,36,3,110,45.2%,,,55.5%,65933,1370-1490,3.90,80,6.5,10%,"$42,103(州外,24-25)",opt,EA|RD,11月1日(EA),1月15日,47:53,,id,admissions.wisc.edu,unv,,nm,,"州府湖畔大学城,距芝加哥约2.5小时","Lakeside capital city, ~2.5 hrs to Chicago",科研重镇|湖畔活力,Research titan|Lakeside spirit,"科研经费全美前列,经济、CS、生物、传播皆强;校园文化活跃,幸福感高。","Among the nation's top research budgets; strong econ, CS, bio & comms with famously spirited campus life.","[{""t"":""Why UW-Madison, and why the major(s) you selected (or possible academic interests if undecided)"",""w"":""650词以内""}]","国际生的定义是需要任何类型的签证才能就读的学生。（原文保留）(官网现行页面未见原文,以官网为准)","本轮官网访问受限未能核实面试政策,以官网为准",CDS 2024-25
"University of California, Santa Barbara",加州大学圣塔芭芭拉分校,UCSB,Santa Barbara,CA,34.414,-119.849,W,uni,1,40,-1,179,38.2%,,,59.0%,110187,test-blind,"4.09-4.28(加权,录取者)",80 / 新制4.5,6.5,9%,"$50,614(州外,24-25)",blind,RD,,11月30日(单轮),42:58,,id,admission.universityofcalifornia.edu / admissions.sa.ucsb.edu,none,,nm,https://admissions.sa.ucsb.edu/faq,"太平洋海岸,距洛杉矶约1.5小时","On the Pacific, ~1.5 hrs to LA",海滨物理|工程创意,Beachside physics|CCS gem,"物理/材料学科世界级(多位诺奖得主),小而精的CCS创意研究学院是学霸捷径;UC不看标化。",World-class physics/materials (multiple Nobels); its small CCS college is a hidden fast-track for prodigies. Test-blind (UC).,"[{""t"":""【说明】UC全系统共用一份申请:8道PIQ选答4道,每篇不超过350词;不设主文书"",""w"":""8选4""},{""t"":""①领导力: Describe an example of your leadership experience in which you have positively influenced others, helped resolve disputes or contributed to group efforts over time"",""w"":""350词""},{""t"":""②创造力: Every person has a creative side, and it can be expressed in many ways. Describe how you express your creative side"",""w"":""350词""},{""t"":""③天赋技能: What would you say is your greatest talent or skill? How have you developed and demonstrated that talent over time?"",""w"":""350词""},{""t"":""④教育机会/障碍: Describe how you have taken advantage of a significant educational opportunity or worked to overcome an educational barrier you have faced"",""w"":""350词""},{""t"":""⑤重大挑战: Describe the most significant challenge you have faced and the steps you have taken to overcome it. How has this challenge affected your academic achievement?"",""w"":""350词""},{""t"":""⑥心仪学科: Think about an academic subject that inspires you. Describe how you have furthered this interest inside and/or outside of the classroom"",""w"":""350词""},{""t"":""⑦社区贡献: What have you done to make your school or your community a better place?"",""w"":""350词""},{""t"":""⑧个人亮点: Beyond what has already been shared in your application, what do you believe makes you a strong candidate for admissions to the University of California?"",""w"":""350词""}]",如果您不是美国公民或美国永久居民，并且持有非移民签证在美国学习，则您属于国际申请人。,"仅依据加州大学申请材料审核,不接收补充材料,无面试环节",UC Fall 2025 + CDS 2025-26
The Ohio State University,俄亥俄州立大学,OSU,Columbus,OH,40.006,-83.031,MW,uni,1,41,0,190,49.2%,,,86%,81392,1290-1440,,79 / 新制4.0,6.5,7%,"$42,423(州外)",req,EA|RD,11月1日(EA),1月15日,48:52,,id,undergrad.osu.edu（International Students）,unv,,nm,,"州府哥伦布,美国中部枢纽",Columbus — a growing Midwest hub,巨型旗舰|校友文化,Mega flagship|Buckeye pride,"全美最大校园之一,专业齐全、就业网络覆盖中西部;2026年秋入学起恢复标化要求。",One of America's biggest campuses with majors in everything. Tests required from autumn-2026 entry.,[],如果不是美国公民或移民（包括永久居民、难民和获得庇护的人），就是国际学生。,"本轮官网访问受限未能核实面试政策,以官网为准",CDS 2023-24 + IPEDS 2024
Boston University,波士顿大学,BU,Boston,MA,42.35,-71.105,NE,uni,0,42,-1,88,12.8%,31.3%,11.0%(CDS推算),35.7%,76776,1420-1510,3.86,建议90-100+ / 新制5.0+,7.0,20%,"$71,372",opt,ED1|ED2|RD,11月2日(ED1)/1月5日(ED2),1月5日,41:59,,id,bu.edu/admissions（International Students）,none,,rec,https://www.bu.edu/admissions/apply/international/,"波士顿市区,查尔斯河南岸","Downtown Boston, along the Charles",城市大学|传媒商科,City campus|Comms & business,"无围墙城市大学,传播学院与Questrom商学院知名;国际化程度高,中国学生就业网络成熟。",A city-integrated campus; known for communications & Questrom business. Highly international with mature China networks.,"[{""t"":""Choose 1 of 2: a social/community issue that resonates with you — why, and how you've addressed it"",""w"":""300词""},{""t"":""Or: what about being a BU student most excites you; how will you contribute to campus community"",""w"":""300词""}]",波士顿大学将国际学生定义为非美国公民或非美国永久居民（绿卡持有者）。国际学生通常需要F-1学生签证或J-1交流访问学者签证才能在美国学习。,校方不设面试;官方建议国际生预约InitialView或Vericant可选面试,CDS 2025-26
Rutgers University-New Brunswick,罗格斯大学新伯朗士威分校,,New Brunswick,NJ,40.501,-74.447,NE,uni,1,42,-1,328,65%,,,57.6%,78156,1270-1480,,79,6.5,7%,"$39,649(州外)",opt,EA|RD,11月1日(EA),12月1日,50:50,,both,admissions.rutgers.edu/apply/international-applicants,unv,,nm,,距纽约约1小时火车,~1 hr by train to NYC,新泽西旗舰|哲学名系,NJ flagship|Top philosophy,"新泽西州旗舰,哲学系全球顶级,商科药学亦强;距纽约近,实习便利。","New Jersey's flagship with a world-top philosophy department; strong business & pharmacy, an hour from NYC.",[],符合以下情形者按国际申请人处理：在美国境外就读高中或高中毕业于美国境外；或不持美国护照且正在/曾在美国大学修读学分课程。,"本轮官网访问受限未能核实面试政策,以官网为准",CDS 2023-24
"University of Maryland, College Park",马里兰大学帕克分校,UMD,College Park,MD,38.986,-76.943,NE,uni,1,42,2,207,45.0%,,,53.4%,67101,1410-1520,4.44(加权),95,7.0,4%,"$42,052(州外)",opt,EA|RD,11月1日(EA),1月20日,51:49,,id,admissions.umd.edu（International）,unv,,nm,,距华盛顿特区约30分钟,"~30 min to Washington, D.C.",网络安全|首都圈,Cybersecurity|D.C. orbit,"CS/网络安全/量子计算强,毗邻NASA与NSA,政府实验室实习机会多;11月1日优先申请很重要。",Strong CS/cyber/quantum next to NASA & NSA with rich gov-lab internships. The Nov 1 priority deadline matters.,"[{""t"":""Complete: \""If I could travel anywhere, I would go to...\"""",""w"":""650字符""},{""t"":""Complete: \""The most interesting fact I ever learned from research was...\"""",""w"":""650字符""},{""t"":""Complete: \""In addition to my major, my academic interests include...\"""",""w"":""650字符""},{""t"":""Complete: \""My favorite thing about last Monday was...\"""",""w"":""650字符""},{""t"":""Complete: \""Something you might not know about me is...\"""",""w"":""650字符""},{""t"":""How you learned, grew, were inspired or built skills through component(s) of diversity"",""w"":""650字符""}]",如果学生不是美国公民或非美国永久居民，则被视为国际生。,"本轮官网访问受限未能核实面试政策,以官网为准",CDS 2025-26
University of Washington,华盛顿大学(西雅图),UW,Seattle,WA,47.655,-122.308,W,uni,1,42,4,81,42%,,41.7%(单轮=整体),42.3%,72933,1320-1500,3.83,76 / 新制4.0,6.0,9%,"$43,494(州外,26-27)",blind,RD,,11月15日(单轮),45:55,,id,admit.washington.edu（International Students）,unv,,nm,,"西雅图市区,亚马逊微软大本营",Seattle — Amazon & Microsoft's backyard,科技就业|医学科研,Tech jobs|Medical research,"CS王牌但直录极难,医学科研全美前列;官网明示审核时不看SAT/ACT成绩;只有单一截止日期(11月15日),无EA/ED。","Elite CS (direct admit is brutal) and top-tier medical research. Reviewers do not see SAT/ACT scores. One application window (Nov 15), no EA/ED.","[{""t"":""【26-27新政】已取消原自命题小文书(以申请系统为准);荣誉学院另有单独题目"",""w"":""N/A""}]",需要F-1学生签证或持有其他类型临时非移民签证的学生被视为国际学生。,"本轮官网访问受限未能核实面试政策,以官网为准",CDS 2025-26
Lehigh University,里海大学,,Bethlehem,PA,40.607,-75.378,NE,uni,0,46,0,668,29.0%,47.4%,26.8%(CDS推算),24.3%,19342,1380-1480,,90(建议),7.0(建议),6%,"$66,810",opt,ED1|ED2|RD,11月1日(ED1)/1月1日(ED2),1月1日,51:49,,id,www2.lehigh.edu/admissions/international-students,opt,0,nm,https://www2.lehigh.edu/admissions/apply,距纽约和费城均约1.5小时车程,~1.5 hrs to both NYC & Philadelphia,工程商科|IBE双学位,Engineering + business|IBE program,"工程与商科结合的IBE项目独具特色,华尔街和工业界校友多;山坡校园,社团文化浓。","Signature IBE (integrated business & engineering) program; strong Wall Street and industry alumni. Hillside campus, big Greek life.","[{""t"":""How did you first learn about Lehigh and what motivated you to apply?"",""w"":""200词""},{""t"":""Celebrate the good: what's something great happening in your life right now?"",""w"":""200词""}]",非美国公民的学生无论在美国境内还是境外就读高中，均被视为国际学生。如果您已获得符合联邦助学金资格的非公民身份，例如永久居民身份或正式难民身份，则在入学和助学金方面，您将不被视为国际学生。居住在海外的美国公民应以美国国内学生的身份申请理海大学。,"可选评估性面试,由在校生大使或招生官进行;校友面试2025-26暂停",CDS 2025-26
Northeastern University,东北大学,NEU,Boston,MA,42.34,-71.089,NE,uni,0,46,8,384,5.6%,35.3%,4.0%(CDS推算),44.6%,105257,1450-1520,,未设线(录取中位102-110),未设线(常见7.5+),13%,"$67,990(不含杂费)",opt,EA|ED1|ED2|RD,11月1日(EA/ED1)/1月1日(ED2),1月1日,44:56,,both,admissions.northeastern.edu（International）,none,,acc,https://admissions.northeastern.edu/application-information/required-materials/,波士顿市区,Central Boston,带薪实习|就业导向,Co-op king|Career-first,"Co-op带薪实习模式全美标杆,毕业即有1-2段全职经历;排名连年上升,录取策略灵活多校区。",The national benchmark for co-op: graduates leave with 1-2 full-time work stints. Rankings climbing; flexible multi-campus admits.,[],如果您符合以下情况，就是国际生：您是非美国公民，从世界任何国家（包括美国）的高中或大学申请东北大学；您是美国公民，但目前就读于美国境外的高中或大学并正在申请。,不提供校友或校园面试;接受并评估InitialView/Vericant第三方视频面试,CDS 2024-25
Purdue University,普渡大学,,West Lafayette,IN,40.424,-86.921,MW,uni,1,46,0,88,43.4%,,,42.6%,87220,1220-1470,,88,6.5,9%,"$28,794(州外)",req,EA|RD,11月1日(EA),1月15日,59:41,,id,admissions.purdue.edu,unv,,nm,,距印第安纳波利斯约1小时车程,~1 hr to Indianapolis,航空航天|工科实惠,Aerospace|Affordable engineering,"'宇航员摇篮',航空航天与工程顶尖且学费冻结多年;标化必交,CS/工程按专业直录。",Cradle of astronauts — elite aero/engineering with famously frozen tuition. Tests required; direct-to-major CS/engineering.,"[{""t"":""How will opportunities at Purdue support your interests, in and out of the classroom?"",""w"":""250词""},{""t"":""Reasons for choosing your major and campus location (West Lafayette or Indianapolis)"",""w"":""250词""},{""t"":""If listing a second-choice major: reasons for that alternate major and campus"",""w"":""250词""}]","如果您不是美国公民或永久居民，则您被视为国际学生。（原文保留）(官网现行页面未见原文,以官网为准)","本轮官网访问受限未能核实面试政策,以官网为准",CDS 2025-26
University of Georgia,佐治亚大学,UGA,Athens,GA,33.948,-83.377,S,uni,1,46,0,525,34.3%,31%,,64.9%,47464,1250-1420,4.17(加权),未设线(录取均分102),未设线(录取均分7.5),1%,"$32,336(州外)",req,EA|RD,10月15日(EA),1月1日,43:57,,id,admissions.uga.edu（International）,none,,nm,https://admissions.uga.edu/apply/first-year-applicants/first-year-faqs/,距亚特兰大约1.5小时车程,~1.5 hrs to Atlanta,南方旗舰|校园文化,Southern flagship|Game-day culture,"美国第一所公立特许大学,商科新闻强;佐治亚州规定标化必交。",America's first chartered public university; strong business & journalism. Tests required by state policy.,"[{""t"":""【26-27新政】该校已官宣取消小文书——只需Common App主文书"",""w"":""N/A""}]",如果你符合以下条件之一，你应该以国际学生身份申请：你需要F-1签证才能进入美国学习；您不是美国公民，目前持F-1/F-2（学生）签证在美国就读高中；您目前持其他类型的签证（包括H、E、L等）在美国；您持有难民或庇护身份。,"官网新生申请FAQ列全部材料,未含面试,录取审核不设面试",CDS 2025-26
University of Rochester,罗切斯特大学,UR,Rochester,NY,43.128,-77.629,NE,uni,0,46,-2,236,41.9%,41.8%,41.9%(CDS推算),37.8%,21609,1400-1510,3.72,100(建议),7.5(建议),20%,"$70,284",opt,ED1|ED2|RD,11月1日(ED1)/1月5日(ED2),1月5日,47:53,,id,admissions.rochester.edu（International Applicants）,rec,0,rec,https://admissions.rochester.edu/applying/interviewing/,"纽约上州,距多伦多约3小时","Upstate NY, ~3 hrs to Toronto",自由选课|音乐光学,Open-ish curriculum|Eastman & optics,"课程自由度大(无统一必修),光学全美第一、Eastman音乐学院世界级;适合跨界学生。",Flexible curriculum with no universal requirements; #1 in optics plus the world-class Eastman School. Great for cross-disciplinary kids.,"[{""t"":""Eastman quote: how will Rochester's curricular flexibility and co-curriculars help you drive progress/change"",""w"":""250词""}]",如果您不是美国公民或永久居民，您将被视为国际学生。,官方强烈建议面试(尤其竞争奖学金者);海外申请人可用InitialView,CDS 2025-26
Case Western Reserve University,凯斯西储大学,CWRU|Case,Cleveland,OH,41.504,-81.608,MW,uni,0,51,0,294,35%,25%,,26%,39332,1440-1530,3.78,90,7.0,9%,"$70,000",opt,EA|ED1|ED2|RD,11月1日(ED/EA),1月15日,51:49,,,,opt,0,nm,https://go.case.edu/on-campus-interview/,"克利夫兰大学城区,医疗机构环绕","University Circle, Cleveland — ringed by hospitals",医工结合|科研机会,Med × engineering|Research access,"毗邻克利夫兰诊所,医预/生物医学工程强;批次多、发放奖学金慷慨,常被用作'聪明保底'。","Next to the Cleveland Clinic; strong pre-med/BME. Many rounds, generous merit aid — a favorite 'smart safety'.",[],,设有可选的校园面试预约;申请要求页未强调面试,CDS 2025-26
Florida State University,佛罗里达州立大学,FSU,Tallahassee,FL,30.442,-84.298,S,uni,1,51,3,549,24%,,,,85469,1300-1410,4.29(加权),80,6.5,3%,"$20,113(州外)",req,EA|RD,10月15日(ED/EA),12月1日,42:58,,,,none,,nm,https://admissions.fsu.edu/first-year/apply,佛州首府塔拉哈西,"Tallahassee, Florida's capital",性价比|上升势头,Value pick|Rising fast,"排名持续上升的州旗舰之一,商科、传媒、犯罪学强;佛州法律要求标化必交。","A fast-rising Florida flagship; strong business, comms & criminology. State law requires test scores.",[],,"官网新生申请材料清单不含面试,录取审核无面试环节",CDS 2025-26
Texas A&M University,德州农工大学,TAMU|A&M,College Station,TX,30.618,-96.336,S,uni,1,51,0,144,52%,,,49%,54905,1160-1390,,80 / 新制4.5(小分4.0),见官网,1%,,opt,RD,,12月1日,53:47,,,,none,,nm,https://admissions.tamu.edu/apply/freshman,距休斯敦约1.5小时车程,~1.5 hrs to Houston,工程巨舰|Aggie传统,Engineering giant|Aggie tradition,"全美最大工学院之一,石油/土木/农业强,Aggie校友网忠诚度传奇;12月1日截止。",One of America's largest engineering schools (petroleum/civil/ag) with legendary Aggie loyalty. Dec 1 deadline.,"[{""t"":""Tell us your story: unique opportunities/challenges in high school that shaped you (may reuse main essay)"",""w"":""750词""},{""t"":""Describe a life event that has prepared you to be successful in college"",""w"":""250词""},{""t"":""Tell us about the person who has most impacted your life and why"",""w"":""250词""},{""t"":""Optional: additional challenges, hardships or opportunities that shaped your academics"",""w"":""250词""}]",,"新生申请不含面试,官网明确面试不作为录取或申诉依据",CDS 2025-26
Virginia Tech,弗吉尼亚理工,VT,Blacksburg,VA,37.228,-80.423,S,uni,1,51,0,358,55%,,,,52296,1280-1450(分项加总),,见官网,见官网,5%,"$37,777(州外,24-25)",opt,ED1|EA|RD,11月1日(ED),,56:44,,,,none,,nm,https://www.vt.edu/admissions/frequently-asked-questions/first-year-applicant-faq.html,弗州西南山区大学城,"Mountain college town, SW Virginia",工科主力|社区温暖,Engineering core|Hokie warmth,"工程体量大、就业好,校园社区感强;提供ED和EA两条早申路径。","Big, employable engineering with a famously warm Hokie community. Offers both ED and EA.","[{""t"":""How you contribute to a community important to you; what you learned and would share at VT"",""w"":""120词""},{""t"":""A time you or someone you know was excluded; did you seek help, effect change, shift perspective?"",""w"":""120词""},{""t"":""A time you were proud as a role model/leader; skills you contributed and what you learned"",""w"":""120词""},{""t"":""A goal you set: why, steps and timeline to achieve it, who supports your progress"",""w"":""120词""}]",,"官网新生申请FAQ与清单均未提及面试,录取不含面试",CDS 2025-26
Wake Forest University,维克森林大学,,Winston-Salem,NC,36.135,-80.279,S,uni,0,51,-5,791-800,21%,,,30%,21497,1420-1490,,未设线,未设线,4%,,opt,ED1|ED2|RD,11月15日(ED1)/1月1日(ED2),1月1日,43:57,,,,opt,0,rec,https://admissions.wfu.edu/become-a-deacon/international/,"北卡中部,距夏洛特约1.5小时","Central NC, ~1.5 hrs to Charlotte",小班精英|面试传统,Small classes|Interview culture,"'工作森林'以小班和教授关怀著称,商科会计口碑好;2008年起就Test-Optional,重视面试。","'Work Forest' — small classes, devoted faculty, strong accounting/business. Test-optional since 2008; interviews matter.","[{""t"":""Why have you decided to apply to Wake Forest?"",""w"":""150词""},{""t"":""Optional: list five books you've read that intrigued you"",""w"":""""},{""t"":""Optional: what piques your intellectual curiosity or helps you grasp the world's complexity"",""w"":""150词""},{""t"":""Optional: pick a Maya Angelou quote; relate it to your experience or contribution to WFU"",""w"":""300词""},{""t"":""Optional: give us your Top Ten list (any theme)"",""w"":""""}]",,面试为可选(线上、招生代表主持);国际生获鼓励提交InitialView/Vericant,CDS 2025-26
William & Mary,威廉玛丽学院,W&M,Williamsburg,VA,37.271,-76.713,S,uni,1,51,3,1001-1200,37%,,,46%,16897,1390-1520,,100,7.0,3%,"$52,724(州外)",opt,ED1|ED2|RD,11月1日(ED1)/1月5日(ED2),1月5日,,,,,opt,0,nm,https://www.wm.edu/admission/undergraduateadmission/how-to-apply/first-year-applicants/application-checklist/optional-application-materials/on-campus-interview/,"殖民地古城,距里士满约1小时","Colonial Williamsburg, ~1 hr to Richmond",公立文理|历史底蕴,Public liberal arts|Colonial heritage,"全美第二古老、'公立常春藤'鼻祖,文理教育质量媲美私立;政府学与历史学传统深厚。",America's second-oldest college — a public with private-quality liberal arts. Deep tradition in government & history.,"[{""t"":""Optional: answer up to 2 of 6 (community, academic interest, background, why W&M, a challenge, your hometown)"",""w"":""每篇300词""}]",,"面试完全可选、由在校大四学生主持,不参加不影响录取",CDS 2025-26
"University of California, Merced",加州大学默塞德分校,UCM,Merced,CA,37.366,-120.424,W,uni,1,57,1,,95%,,,,,test-blind,"3.54-4.15(加权,录取者)",80 / 新制4.5,6.5,0.5%,"$54,858(州外,26-27)",blind,RD,,11月30日(单轮),,,,,none,,nm,https://admissions.ucmerced.edu/first-year/selection-process,"加州中央谷地,距优胜美地约1.5小时","Central Valley, ~1.5 hrs to Yosemite",UC新锐|上升通道,Youngest UC|Upward mobility,"UC系统最年轻分校,录取相对友好,是进入UC体系的'旋转门';UC不看标化。",The youngest UC with friendlier admits — a side door into the UC system. Test-blind.,"[{""t"":""【说明】UC全系统共用一份申请:8道PIQ选答4道,每篇不超过350词;不设主文书"",""w"":""8选4""},{""t"":""①领导力: Describe an example of your leadership experience in which you have positively influenced others, helped resolve disputes or contributed to group efforts over time"",""w"":""350词""},{""t"":""②创造力: Every person has a creative side, and it can be expressed in many ways. Describe how you express your creative side"",""w"":""350词""},{""t"":""③天赋技能: What would you say is your greatest talent or skill? How have you developed and demonstrated that talent over time?"",""w"":""350词""},{""t"":""④教育机会/障碍: Describe how you have taken advantage of a significant educational opportunity or worked to overcome an educational barrier you have faced"",""w"":""350词""},{""t"":""⑤重大挑战: Describe the most significant challenge you have faced and the steps you have taken to overcome it. How has this challenge affected your academic achievement?"",""w"":""350词""},{""t"":""⑥心仪学科: Think about an academic subject that inspires you. Describe how you have furthered this interest inside and/or outside of the classroom"",""w"":""350词""},{""t"":""⑦社区贡献: What have you done to make your school or your community a better place?"",""w"":""350词""},{""t"":""⑧个人亮点: Beyond what has already been shared in your application, what do you believe makes you a strong candidate for admissions to the University of California?"",""w"":""350词""}]",,"官网新生选拔标准为成绩与综合评审,不含面试环节",UC Fall 2025
Villanova University,维拉诺瓦大学,Nova,Villanova,PA,40.037,-75.343,NE,uni,0,57,1,,27%,60%,,57%,28867,1410-1490,3.93,未设线,未设线,2%,"$71,112",opt,EA|ED1|ED2|RD,11月1日(ED/EA),1月15日,47:53,,,,none,,nm,https://www.villanova.edu/university/undergraduate-admission/faqs.html,"费城主线区西郊,约30分钟进城","Philadelphia Main Line, ~30 min to downtown",商科口碑|篮球名校,Business rep|Hoops pedigree,"费城主线区的天主教名校,商学院与工程就业好,校友抱团;篮球带来的全国知名度不俗。",Main Line Catholic standout; strong business/engineering placement and tight alumni. National name thanks to basketball.,"[{""t"":""Choose 1 of 5: equity/justice, a life lesson, why Villanova as new home, being misjudged, lending strength"",""w"":""250词""}]",,官网FAQ明确:本科招生过程不进行面试,CDS 2024-25
George Washington University,乔治华盛顿大学,GWU|GW,Washington,DC,38.9,-77.049,NE,uni,0,59,4,358,47%,66%,,62%,27006,1360-1470,3.87,90,6.5,7%,"$70,170",opt,ED1|ED2|RD,11月1日(ED1)/1月5日(ED2),1月5日,36:64,,,,none,,nm,https://undergraduate.admissions.gwu.edu/faqs,"华盛顿特区市中心,距白宫几个街区","Downtown D.C., blocks from the White House",政治实习|国际事务,Politics internships|International affairs,"住在白宫隔壁上学,政治学、国际关系、公共卫生实习资源无敌;适合目标政策圈的学生。","Study blocks from the White House — unbeatable internships in politics, IR & public health for policy-minded students.","[{""t"":""Optional, pick 1 of 2: if you could change the course of history in your community/world, what and why"",""w"":""500词""},{""t"":""Or: a time you engaged others in meaningful dialogue on an important issue — what resulted"",""w"":""500词""}]",,官网FAQ明确:不提供也不要求评估性面试,CDS 2024-25
Pennsylvania State University,宾夕法尼亚州立大学,Penn State|PSU,University Park,PA,40.798,-77.86,NE,uni,1,59,4,82,61%,,,61%,106547,1250-1410,,80 / 新制4.5,6.5,9%,,opt,EA|RD,11月1日(EA),滚动录取,52:48,,,,none,,nm,https://www.psu.edu/admission/undergraduate/how-to-apply,"宾州中部山谷,距费城匹兹堡约3小时","Central PA, ~3 hrs to Philly & Pittsburgh",校友网巨大|工商齐全,Huge alumni base|Broad programs,"全球校友网络最庞大的大学之一,工程、商科、气象学强;11月1日前申请出结果快。","One of the world's largest alumni networks; strong engineering, business & meteorology. Apply by Nov 1 for early answers.","[{""t"":""Optional: share anything about yourself/experiences reflecting your ability to succeed at Penn State"",""w"":""500词""}]",,"官网本科申请说明未提及面试,录取审核不含面试",CDS 2024-25
Santa Clara University,圣塔克拉拉大学,SCU,Santa Clara,CA,37.349,-121.939,W,uni,0,59,4,,48%,76%,,65%,20032,1360-1480,3.72,见官网,见官网,8%,,opt,EA|ED1|ED2|RD,11月1日(ED1)/1月7日(ED2),1月7日,50:50,,,,rec,0,rec,https://www.scu.edu/admission/undergraduate/international-students/application-requirements/,硅谷核心地带,In the heart of Silicon Valley,硅谷地利|就业直达,Silicon Valley location|Job pipeline,"坐标硅谷的耶稣会大学,CS/商科毕业即被大厂环绕;地理位置就是最大的职业资本。",Jesuit university literally inside Silicon Valley — location is the career strategy for CS/business grads.,"[{""t"":""An ethical dilemma facing society that you care about; how an SCU education prepares you to address it"",""w"":""150-300词""},{""t"":""People, places, events or circumstances that shaped you; how you'd contribute to SCU's community"",""w"":""150-300词""},{""t"":""Optional: why are you interested in your selected major/division?"",""w"":""50词""}]",,校方不提供校园面试;官方建议国际生提交InitialView/Vericant面试,CDS 2024-25
Stony Brook University,纽约州立大学石溪分校,SBU,Stony Brook,NY,40.914,-73.123,NE,uni,1,59,-1,452,49%,,,,,1340-1480,4.0(加权),80,6.5,10%,,opt,EA|RD,,,,,,,none,,nm,https://www.stonybrook.edu/undergraduate-admissions/apply/freshman-criteria.php,"长岛北岸,距曼哈顿约2小时","Long Island's north shore, ~2 hrs to Manhattan",数理强校|公立实惠,Math & physics|Public value,"SUNY旗舰之一,数学、物理、医学预科强(杨振宁曾执教);学费友好,适合理科务实家庭。","SUNY flagship strong in math, physics & pre-med (C.N. Yang taught here). Budget-friendly for pragmatic STEM families.",[],,"常规新生录取不含面试,仅医学类荣誉项目受邀面试",CDS 2024-25
"University of Minnesota, Twin Cities",明尼苏达大学双城分校,UMN,Minneapolis,MN,44.974,-93.234,MW,uni,1,59,-5,210,80%,,,53.9%,41496,1320-1470,3.84,79,6.5,5%,,opt,EA|RD,11月1日(EA优先),12月1日,46:54,,,,none,,nm,https://admissions.tc.umn.edu/admissions/freshman-admission-university-minnesota-twin-cities,明尼阿波利斯-圣保罗双城市区,Minneapolis-St. Paul metro,财富500|工商医全,Fortune 500 town|Full-spectrum,"双城聚集17家财富500强总部,实习就业近水楼台;化工、心理学、医疗器械方向突出。","17 Fortune 500 HQs in the Twin Cities feed internships; standout chemical engineering, psychology & med-tech.","[{""t"":""Share a few words about what you'd like to study, career paths that interest you, or favorite subjects"",""w"":""150词""}]",,"申请仅需申请表、费用与自报成绩,不含面试环节",CDS 2024-25
Michigan State University,密歇根州立大学,MSU,East Lansing,MI,42.719,-84.482,MW,uni,1,64,-1,161,85%,,,67.6%,56767,1100-1310,3.74,79,6.5,5%,"$43,842(州外,24-25)",opt,EA|RD,11月1日(优先),滚动(4月1日截止),49:51,,,,none,,nm,https://admissions.msu.edu/apply/first-year/admission-criteria,距底特律约1.5小时车程,~1.5 hrs to Detroit,教育供应链|录取友好,Education & supply chain|Accessible,"供应链管理全美第一梯队,教育学院传统强;录取相对友好,滚动式出结果快。",Top-tier supply chain management and a storied education school. Friendlier admits with fast rolling-style decisions.,[],,"官网录取标准列成绩、课程等因素,未含面试",CDS 2024-25
North Carolina State University,北卡罗来纳州立大学,NC State|NCSU,Raleigh,NC,35.785,-78.682,S,uni,1,64,-6,272,40%,,,47.1%,44043,1310-1440,3.82,80,6.5,3%,"$31,808(州外)",opt,EA|RD,11月1日(ED),1月15日(优先),50:50,,,,none,,nm,https://admissions.ncsu.edu/apply/first-year/,"州府罗利,研究三角区",Raleigh — Research Triangle,工科实干|科技园区,Hands-on engineering|Centennial Campus,"研究三角区工科主力,统计、纺织、农业工程有全国声誉;毗邻大量科技企业园区。","The Research Triangle's engineering workhorse — noted statistics, textiles & ag engineering beside major tech parks.","[{""t"":""Explain why you selected your first-choice major and why you want to study it at NC State"",""w"":""250词""},{""t"":""Explain why you selected your second-choice major, if you chose one (可选)"",""w"":""250词""}]",,"官网新生申请流程各步骤均不含面试,审核无面试",CDS 2025-26
Rensselaer Polytechnic Institute,伦斯勒理工学院,RPI,Troy,NY,42.73,-73.679,NE,uni,0,64,6,695,63%,,,,,1375-1510,3.80,88,7.0,7%,,opt,ED1|ED2|RD,,,,,,,none,,acc,https://undergrad.admissions.rpi.edu/prospective-students/prospective-students-frequently-asked-questions,"纽约上州,距奥尔巴尼约15分钟","Upstate NY, ~15 min to Albany",老牌工科|游戏仿真,Oldest tech school|Games & simulation,"美国最古老的理工学院,土木/核工/游戏设计强;工程界校友厚,升学性价比高。",America's oldest technological university; strong civil/nuclear/game design with deep engineering alumni.,"[{""t"":""Why are you interested in Rensselaer Polytechnic Institute?"",""w"":""250词""},{""t"":""Briefly elaborate on one of your extracurricular activities or work experiences"",""w"":""300词""}]",,"官方FAQ:不提供校方面试;国际生可提交InitialView面试,另可选交短视频",CDS 2024(第三方转录)
University of Massachusetts Amherst,马萨诸塞大学阿默斯特分校,UMass,Amherst,MA,42.386,-72.53,NE,uni,1,64,-6,247,60%,,,65.5%,24999,1330-1480,4.05(加权),80,6.5,8%,"$42,259(州外)",opt,EA|RD,11月5日(EA),1月15日,48:52,,,,none,,nm,https://www.umass.edu/uair/media/1062/download,"麻州西部五校联盟区,距波士顿约2小时","Five College area, ~2 hrs to Boston",计算机上升|五校联盟,Rising CS|Five College Consortium,"CS排名快速上升,食堂全美第一;五校联盟可跨校选课(含Amherst、Smith等顶尖文理)。","Fast-rising CS and America's #1 campus dining; Five College Consortium lets students cross-register at Amherst, Smith and more.","[{""t"":""Please tell us why you want to attend UMass Amherst"",""w"":""100词""},{""t"":""Choose one of your communities, describe its significance and how you would enrich campus"",""w"":""100词""},{""t"":""Please tell us why you chose the major(s) you did"",""w"":""100词""}]",,"招生无面试环节,官方CDS将面试列为不予考虑",CDS 2025-26
University of Miami,迈阿密大学,UMiami,Coral Gables,FL,25.721,-80.279,S,uni,0,64,-1,314,18%,59.9%,,51.4%,21869,1360-1480,3.89,80 / 新制4.5,6.5,8%,"$62,616(24-25)",req,EA|ED1|ED2|RD,11月1日(EA/ED1),1月6日,46:54,,,,none,,acc,https://admissions.miami.edu/undergraduate/about/FAQs/international-applicants/index.html,"迈阿密椰林区,近海滩","Coral Gables, minutes from the beach",海洋科学|拉美门户,Marine science|Gateway to LatAm,海洋科学、音乐产业、商科(拉美方向)独特;2026年秋入学起恢复标化要求。,"Unique marine science, music business & LatAm-facing commerce. Tests required from fall-2026 entry.","[{""t"":""【26-27新政】该校已官宣取消小文书——只需Common App主文书"",""w"":""N/A""}]",,官方明确不提供也不建议面试;国际生可选提交InitialView面试,官方Fall 2025 Class Profile
Brandeis University,布兰迪斯大学,,Waltham,MA,42.366,-71.26,NE,uni,0,69,-6,741-750,45%,35.6%,,38.0%,9756,1370-1470,3.84,未设线,未设线,16%,"$74,128(26-27)",opt,EA|ED1|ED2|RD,11月1日(ED1),1月15日,43:57,,,,opt,0,rec,https://www.brandeis.edu/admissions/visit/interviews/index.html,"波士顿西郊,约25分钟进城",~25 min west of Boston,犹太传统|小而学术,Jewish heritage|Small & scholarly,"'犹太哈佛',生物化学、经济学扎实,研究型小校;2025-26新增EA轮,录取通道更多。",The 'Jewish Harvard' — a small research university strong in biochem & econ. Added an EA round in 2025-26.,"[{""t"":""International applicants only: what excites you most about being an international student at Brandeis?"",""w"":""250词""}]",,"面试可选,由在校生面试官进行;国际生强烈建议用InitialView/Vericant",CDS 2025-26
Tulane University,杜兰大学,,New Orleans,LA,29.94,-90.12,S,uni,0,69,-6,597,15%,,,,,1430-1500,3.67,95,6.5,5%,,opt,EA|ED1|ED2|RD,11月1日(ED)/11月15日(EA),1月15日,,,,,inv,1,acc,https://admission.tulane.edu/apply/alumni-interview-program,新奥尔良上城区,Uptown New Orleans,公共卫生|早申偏好,Public health|Early-round tilt,"公共卫生与热带医学传统名校,新奥尔良文化独一无二;四轮申请、极重早申与'展示兴趣'。",Storied public health/tropical medicine school in one-of-a-kind New Orleans. Four rounds; heavily favors early applicants & demonstrated interest.,"[{""t"":""【26-27新政】该校已官宣取消小文书——只需Common App主文书"",""w"":""N/A""}]",,校友评估面试凭邀请、名额有限;国际生可约虚拟面试并接受第三方面试,官方Class of 2029 Profile
University of Connecticut,康涅狄格大学,UConn,Storrs,CT,41.808,-72.254,NE,uni,1,69,1,534,54%,,,66.2%,23683,1260-1420,,79,6.5,6%,"$44,004(州外)",opt,EA|RD,11月1日(EA),1月15日,45:55,,,,none,,nm,https://admissions.uconn.edu/apply/first-year/instructions/,"距哈特福德约30分钟,纽约2.5小时","~30 min to Hartford, 2.5 hrs to NYC",新英格兰旗舰|篮球荣耀,New England flagship|Basketball glory,"新英格兰性价比旗舰,精算、药学、教育强;篮球文化带来极强的校园凝聚力。","New England's value flagship; strong actuarial science, pharmacy & education, plus championship basketball spirit.",[],,"官方明确因申请量大,面试不属于录取流程",CDS 2025-26
University of Pittsburgh,匹兹堡大学,Pitt,Pittsburgh,PA,40.444,-79.953,NE,uni,1,69,1,281,59%,,,53.4%,64724,1280-1450(分项加总),4.06(加权),未设线(新制5.0+有竞争力),未设线,4%,,opt,RD,,滚动录取(越早越好),42:58,,,,none,,nm,https://www.ir.pitt.edu/sites/default/files/2026-02/CDS_2025-2026_PGH-UA_0.pdf,"匹兹堡奥克兰区,与CMU相邻","Oakland, Pittsburgh — next door to CMU",医学预科|滚动录取,Pre-med strength|Rolling admissions,"医学院与UPMC医疗系统实力雄厚,医预路径清晰;滚动录取,越早申请越有利。",Powerful med school + UPMC system make a clear pre-med path. Rolling admissions — apply early for best odds.,[],,"招生无面试,2025-26 CDS将面试列为不予考虑",CDS 2025-26
"Binghamton University, SUNY",纽约州立大学宾汉姆顿分校,,Binghamton,NY,42.087,-75.968,NE,uni,1,73,0,1001-1200,37%,,,44.4%,,1320-1480,3.88,80,6.5,7%,"$32,467(州外,26-27)",opt,ED1|ED2|RD,11月1日(ED1),滚动(4月1日截止),48:52,,,,none,,nm,https://www.binghamton.edu/admissions/undergraduate/apply/freshman/,"纽约上州南部,距纽约市约3小时","Southern upstate NY, ~3 hrs to NYC",公立性价比|会计强项,Public value|Accounting standout,"SUNY系统学术口碑最佳分校之一,会计、管理、心理学强;学费友好,常作聪明保底。","Among SUNY's strongest academically — accounting, management, psychology. Budget-friendly smart safety.",[],,无面试环节;可选提交InitialView Glimpse 60-90秒短视频,CDS 2024-25
Indiana University Bloomington,印第安纳大学伯明顿分校,IU,Bloomington,IN,39.168,-86.523,MW,uni,1,73,0,306,78%,,,65.1%,67647,1180-1390,3.76,79,6.5,5%,"$41,891(州外)",opt,EA|RD,11月1日(EA),2月1日(优先),50:50,,,,none,,nm,https://bloomington.iu.edu/admissions/apply/freshman/admission-standards.html,距印第安纳波利斯约1小时,~1 hr to Indianapolis,凯利商学院|音乐名校,Kelley business|Jacobs music,"凯利商学院就业口碑极佳(直录很关键),雅各布斯音乐学院世界级;校园风景如画。",Kelley business has superb placement (direct admit matters); Jacobs music is world-class. Postcard campus.,[],,"官方评审标准列明各项因素,不含面试,未提供面试环节",CDS 2024-25
Clemson University,克莱姆森大学,,Clemson,SC,34.676,-82.837,S,uni,1,75,5,951-1000,42%,,,,,1250-1400,4.43(加权),80,6.5,1%,,opt,EA|RD,,,,,,,none,,nm,https://www.clemson.edu/admissions/undergraduate-admissions/apply/first-year.html,"南卡湖畔大学城,距亚特兰大2小时","Lakeside SC college town, ~2 hrs to Atlanta",工科上升|橙色荣耀,Rising engineering|Tiger pride,"南卡旗舰,汽车工程(宝马研发中心合作)与土木强;校园归属感和校友热情著称。",South Carolina flagship; automotive engineering (BMW partnership) & civil stand out. Famous belonging & spirit.,"[{""t"":""Optional personal statement upload: additional background and how you'd contribute to Clemson (可选)"",""w"":""不限""}]",,"官方申请指南列全部必交与可选材料,均无面试环节",官方Fall 2025统计
Rutgers University-Newark,罗格斯大学纽瓦克分校,,Newark,NJ,40.741,-74.175,NE,uni,1,75,5,771-780,71%,,,67.5%,17779,不参考(test-blind),,79,6.5,3%,"$36,762(州外,24-25)",opt,EA|RD,12月1日(优先),滚动录取,47:53,,,,none,,nm,https://oirap.rutgers.edu/CDS/2023/Newark%20CDS_2023-2024_final_V1.pdf,"纽瓦克市中心,距曼哈顿约30分钟","Downtown Newark, ~30 min to Manhattan",城市多元|刑事司法,Urban & diverse|Criminal justice,"全美最多元的校园之一,刑事司法、商科实用;紧邻纽约就业圈,通勤便利。",One of America's most diverse campuses; practical criminal justice & business within NYC's commuter orbit.,[],,"招生不使用面试(CDS列为不考虑),推荐信也不采用",CDS 2023-24
Syracuse University,雪城大学,Cuse,Syracuse,NY,43.038,-76.135,NE,uni,0,75,-2,741-750,46%,,,,,1290-1420,3.80,85(学院85-102) / 新制4.5(部分学院5.0),6.5(部分学院7.0),11%,,opt,ED1|ED2|RD,,,,,,,opt,0,acc,https://www.syracuse.edu/admissions-aid/tour-campus/personal-interviews/,"纽约上州中部,距纽约市约4小时","Central upstate NY, ~4 hrs to NYC",传媒名门|公共事务,Newhouse media|Maxwell policy,"纽豪斯传播学院业界金字招牌,麦克斯韦尔公共事务学院全美第一梯队;校园体育氛围火热。",Newhouse is a broadcast-industry brand; Maxwell leads in public affairs. Electric sports culture.,"[{""t"":""Why Syracuse, plus an experience of perseverance or inspiration and how you'll apply it on campus"",""w"":""250词""}]",,"可选面试,由招生员工/在校生进行并纳入评审;国际生可用Vericant/InitialView",CDS/IPEDS 2024
"University at Buffalo, SUNY",纽约州立大学布法罗分校,UB,Buffalo,NY,43.001,-78.789,NE,uni,1,75,1,410,74%,,,65.5%,45637,1200-1400,3.70,70,6.0,12%,"$32,466(州外)",opt,EA|RD,11月1日(EA),2月1日(优先),54:46,,,,none,,nm,https://www.buffalo.edu/content/dam/www/oia/Common-Data-Sets/CDS_2025-2026.pdf,"近尼亚加拉瀑布,距多伦多约2小时","Near Niagara Falls, ~2 hrs to Toronto",SUNY旗舰|医工实惠,SUNY flagship|Affordable STEM,"SUNY体量最大的旗舰,医学、药学、工程齐全;国际生学费在同档中很有竞争力。",SUNY's largest flagship with full medicine/pharmacy/engineering; internationally competitive tuition.,[],,"招生无面试,2025-26 CDS将面试列为不予考虑",CDS 2024-25
"University of California, Riverside",加州大学河滨分校,UCR,Riverside,CA,33.974,-117.328,W,uni,1,75,1,440,87%,,,,,test-blind,"3.65-4.16(加权,录取者)",80 / 新制4.5,6.5,4%,,blind,RD,,11月30日(单轮),,,,,none,,nm,https://ir.ucr.edu/sites/default/files/2025-04/cds-2024-2025.pdf,距洛杉矶约1小时车程,~1 hr east of Los Angeles,UC通道|昆虫农业,UC access|Entomology & ag,"UC系统中录取较友好的一站,昆虫学、农业、创意写作有特色;不看标化。","A friendlier UC admit with standout entomology, agriculture & creative writing. Test-blind.","[{""t"":""【说明】UC全系统共用一份申请:8道PIQ选答4道,每篇不超过350词;不设主文书"",""w"":""8选4""},{""t"":""①领导力: Describe an example of your leadership experience in which you have positively influenced others, helped resolve disputes or contributed to group efforts over time"",""w"":""350词""},{""t"":""②创造力: Every person has a creative side, and it can be expressed in many ways. Describe how you express your creative side"",""w"":""350词""},{""t"":""③天赋技能: What would you say is your greatest talent or skill? How have you developed and demonstrated that talent over time?"",""w"":""350词""},{""t"":""④教育机会/障碍: Describe how you have taken advantage of a significant educational opportunity or worked to overcome an educational barrier you have faced"",""w"":""350词""},{""t"":""⑤重大挑战: Describe the most significant challenge you have faced and the steps you have taken to overcome it. How has this challenge affected your academic achievement?"",""w"":""350词""},{""t"":""⑥心仪学科: Think about an academic subject that inspires you. Describe how you have furthered this interest inside and/or outside of the classroom"",""w"":""350词""},{""t"":""⑦社区贡献: What have you done to make your school or your community a better place?"",""w"":""350词""},{""t"":""⑧个人亮点: Beyond what has already been shared in your application, what do you believe makes you a strong candidate for admissions to the University of California?"",""w"":""350词""}]",,"UC申请无面试环节,官方CDS将面试列为不予考虑",UC Fall 2025
Colorado School of Mines,科罗拉多矿业学院,Mines,Golden,CO,39.751,-105.222,W,uni,1,80,-4,571,61%,,,,,1330-1460,3.83,79,6.5,3%,,opt,EA|RD,,,,,,,none,,nm,https://www.mines.edu/undergraduate-admissions/first-year/,"落基山麓,距丹佛约20分钟","Rocky Mountain foothills, ~20 min to Denver",地矿能源|专精尖,Earth & energy|Specialist school,"地质、矿业、石油、新能源领域全球招牌,小而精;就业起薪常年名列公立前茅。","A global brand in geology, mining, petroleum & new energy; small, focused, with top public-school starting salaries.","[{""t"":""What element on the periodic table best represents you and why? (可选)"",""w"":""250词""},{""t"":""Why do you want to be an Oredigger? Share what excites you about Mines (可选)"",""w"":""250词""}]",,官方FAQ明确:不提供也不要求面试,CDS/IPEDS 2024
Drexel University,德雷塞尔大学,,Philadelphia,PA,39.957,-75.19,NE,uni,0,80,6,711-720,79%,91.7%,,60.3%,37314,1250-1430,3.75,未设线,未设线,9%,"$64,212",opt,EA|ED1|RD,11月1日(ED/EA),1月15日,51:49,,,,none,,nm,https://drexel.edu/~/media/Files/institutionalresearch/Factbook/CDS_2022-2023.ashx?la=en,"费城大学城,与宾大相邻","University City, Philadelphia — beside Penn",co-op实习|职业导向,Co-op model|Career-driven,"与东北大学齐名的co-op带薪实习体系,五年学制含最多18个月全职工作经验。",Co-op powerhouse like Northeastern: five-year degrees can include up to 18 months of full-time work experience.,[],,"招生FAQ未提面试,官方CDS将面试列为不予考虑",CDS/IPEDS 2024
New Jersey Institute of Technology,新泽西理工学院,NJIT,Newark,NJ,40.742,-74.179,NE,uni,1,80,4,761-770,65%,,,,,1235-1460,3.73,79,6.0,6%,,opt,EA|RD,,,,,,,opt,0,nm,https://catalog.njit.edu/undergraduate/admissions-financial-aid/admissions/,"纽瓦克市区,距曼哈顿约30分钟","Newark, ~30 min to Manhattan",理工就业|纽约门口,Tech ROI|NYC doorstep,"毕业投资回报率常居全美前列,CS/工程就业务实;距纽约金融科技圈仅半小时。",Consistently top ROI; pragmatic CS/engineering placement 30 minutes from NYC's fintech scene.,[],,"一般无需面试;招办视情况可能要求面试,亦可应请求安排",CDS/IPEDS 2024
Stevens Institute of Technology,史蒂文斯理工学院,Stevens,Hoboken,NJ,40.745,-74.024,NE,uni,0,80,-4,673,48%,69.8%,,46.5%,10499,1390-1490,3.86,80,6.0,4%,"$68,230(26-27,含杂费)",opt,ED1|ED2|RD,11月15日(ED1),1月15日,68:32,,,,rec,0,acc,https://www.stevens.edu/admission-aid/undergraduate-admissions/international-students,"哈德逊河西岸,对望曼哈顿天际线","On the Hudson, facing the Manhattan skyline",金融工程|河景校园,Quant & fintech|Skyline views,"金融工程、量化方向与华尔街一河之隔,就业起薪亮眼;校园直面曼哈顿天际线。",Quant/fintech programs one river from Wall Street with standout starting salaries — and Manhattan views.,"[{""t"":""Motto 'Inspired by humanity, powered by technology': fill in your own Inspired by/Powered by and explain"",""w"":""100-250词""}]",,"国际生官方强烈建议面试,接受InitialView(截止前一周提交);本土生可选",CDS/IPEDS 2024
Williams College,威廉姆斯学院,,Williamstown,MA,42.713,-73.203,NE,lac,0,1,0,,8.6%,26.6%,7.4%(CDS推算),3.9%,15520,1490-1550,,未设线(建议100+),未设线(建议7.5+),10%,"$73,750",opt,ED1|RD,11月15日(ED),1月5日,49:51,,id,williams.edu/admission-aid/apply/international/,none,,acc,https://www.williams.edu/admission-aid/how-to-apply/first-year/,"麻州西北山区,距波士顿约3小时","Berkshires, ~3 hrs to Boston",文理之王|导师制,#1 LAC|Oxford-style tutorials,"文理学院连年第一,牛津式导师课(2名学生1位教授)独步全美;艺术史与数学尤其传奇。","Perennial #1 LAC with Oxford-style tutorials (two students, one professor); legendary art history & math.","[{""t"":""【官网核查·2026.8】不设必交补充文书;可选提交一篇学术写作样本(任意学科,附作业说明,勿交实验报告)"",""w"":""N/A""}]",国际学生——即无论居住国为何，不持有美国公民身份、永久居留权或绿卡的学生。,不提供任何校方面试;已做InitialView的国际生可自愿提交,CDS 2025-26
Amherst College,阿默斯特学院,,Amherst,MA,42.371,-72.517,NE,lac,0,2,0,,7.7%,22.2%,6.8%(CDS推算),7.7%,15819,1500-1560,,未设线(建议100+),未设线(建议7.5+),13%,"$73,140(26-27)",opt,ED1|RD,11月9日(ED),1月5日,45:55,,id,amherst.edu/admission/apply/international,none,,acc,https://www.amherst.edu/admission/apply/international,麻州西部五校联盟核心,Anchor of the Five College Consortium,开放课程|精英小校,Open curriculum|Tiny & elite,"无必修课的顶级文理学院,可跨五校选课共享大U资源;录取难度不逊藤校。",Elite open-curriculum LAC with Five College cross-registration. Admissions as selective as the Ivies.,"[{""t"":""【26-27新题已官宣】以下为该校2026-27申请季小文书(截至8月初,以Common App/官网为准)"",""w"":""✓""},{""t"":""三选项任选其一 · 选项A三选一: ①好奇心对你意味着什么 ②你的独特经历如何增进对国家与世界的理解 ③与不同观点交锋的经历及自我认识"",""w"":""350词""},{""t"":""选项B: 提交高年级带评分的分析性论文 / 选项C: A2A项目申请者可提交A2A文书"",""w"":""—""}]","国际学生是指需要签证才能到美国上大学的任何人。（原文保留）(官网现行页面未见原文,以官网为准)",不提供任何面试;已完成InitialView者欢迎提交,CDS 2024-25
Swarthmore College,斯沃斯莫尔学院,Swat,Swarthmore,PA,39.905,-75.354,NE,lac,0,4,-1,,7.5%,17.8%,6.4%(CDS推算),10.0%,12995,1500-1550,,未设线,未设线,13%,"$69,226",opt,ED1|ED2|RD,11月15日(ED1)/1月4日(ED2),1月4日,48:52,,id,swarthmore.edu/admissions-aid/international-students,opt,1,acc,https://www.swarthmore.edu/admissions-aid/request-interview,"费城西南郊,火车约30分钟进城",~30 min by train to Philadelphia,学术强度|社会责任,Intellectual rigor|Social conscience,"以学术强度和荣誉课程著称的'文理学院中的芝大',还罕见地开设工程专业;贵格会传统重社会责任。","The 'UChicago of LACs' — famed rigor, honors seminars, and a rare engineering program; Quaker social conscience.","[{""t"":""How your identity and communities shaped your ability to navigate difference and collaborate"",""w"":""250词""},{""t"":""A topic that has fascinated you recently, what sparked it, and how exploring it shaped you"",""w"":""250词""}]",如果你不是永久居民、美国公民、DACA和无证学生，以及正在申请庇护/难民身份且即将从美国高中毕业的学生，则你为国际生。此外，美国双重国籍公民也不属于国际生（官网补充）。,"可选评估性面试(在校生/校友);国际生无面试名额,可交InitialView/Vericant",CDS 2024-25
Bowdoin College,鲍登学院,,Brunswick,ME,43.908,-69.964,NE,lac,0,5,0,,6.8%,14.9%,5.5%(CDS推算),8.0%,14045,1470-1540,,未设线(可选提交),未设线(可选提交),7%,"$71,740",opt,ED1|ED2|RD,11月15日(ED1)/1月5日(ED2),1月5日,48:52,,id,bowdoin.edu（Admissions International）,rec,1,acc,https://www.bowdoin.edu/admissions/apply/international-students/index.html,"缅因海岸,距波特兰约30分钟","Maine coast, ~30 min to Portland",共善传统|海岸生活,The Common Good|Coastal Maine,"'为共同的善'是校训般的存在,政府学、环境研究强,食堂全美前二;1969年起即不强制标化。","Devoted to 'the Common Good' — strong government & environmental studies, top-2 dining. Test-optional since 1969.","[{""t"":""Reflect on the line you chose from 'The Offer of the College' and its meaning to you (可选)"",""w"":""250词""},{""t"":""Unique experiences/perspectives you'd bring, or navigating across difference (可选)"",""w"":""250词""},{""t"":""Video response to a randomly assigned question (可选)"",""w"":""""}]",国际学生是指任何需要签证才能在美国上大学的人。,强烈建议面试(招生官/学生/校友);国际生可提交InitialView/Vericant,CDS 2024-25
Claremont McKenna College,克莱蒙特麦肯纳学院,CMC,Claremont,CA,34.102,-117.707,W,lac,0,7,1,,9.4%,22.1%,7.4%(CDS推算),8.1%,6939,1490-1550,,建议100+,建议7.5+,15%,"$72,120",opt,ED1|ED2|RD,11月1日(ED1)/1月10日(ED2),1月10日,51:49,2028年秋入学起恢复标化要求,id,cmc.edu（Admission International Applicants）,rec,1,rec,https://cmc.edu/admission/international,"距洛杉矶约1小时,克莱蒙特五校之一",~1 hr to LA; one of the 5 Claremont Colleges,经济政府|领导力,Econ & government|Leadership,"文理学院里的'商政领袖营',经济与政府学王牌,五校联盟共享资源;学生氛围务实外向。","The leadership-minded LAC — flagship econ & government, Claremont consortium resources, pragmatic and outgoing culture.","[{""t"":""【官网现行版本·2026.8核查】以下为官网当前在线小文书(页面未标注申请季年份,开学季请以Common App/官网为准)"",""w"":""→""},{""t"":""两题必答: ①结合CMC使命(培养商业、政府与专业领域的责任型领袖),说明为何想就读CMC ②呼应Open Academy理念——描述一次与他人交流后,你或对方的态度/信念/行为发生改变的经历"",""w"":""以官网为准""}]",在CMC，国际申请者指的是不具有美国国籍的学生。该定义不包括美国双重国籍公民、永久居民、居住在国外的美国公民、无证学生或持有DACA身份的学生，也不包括居住在美国且具有有效庇护或难民身份的非美国公民。,强烈建议面试(招生官/高年级生/校友);非英语母语国际生建议InitialView/Vericant,CDS 2024-25
Pomona College,波莫纳学院,,Claremont,CA,34.097,-117.712,W,lac,0,7,-2,,7.1%,13.7%,6.1%(CDS推算),11.0%,12470,1500-1550,,100,7.0,14%,"$71,660(25-26)",opt,ED1|ED2|RD,11月8日(ED1)/1月8日(ED2),1月8日,45:55,,both,pomona.edu/admissions/apply/international-applicants,opt,1,acc,https://pomona.edu/admissions/paths-apply/international-applicants/international-applicant-faqs,"距洛杉矶约1小时,克莱蒙特五校之首",~1 hr to LA; anchor of the Claremont Colleges,西岸文理之首|阳光学术,West Coast's finest|Sunny & scholarly,"西海岸文理学院之首,资源人均比肩藤校;加州阳光+顶级学术的稀缺组合。",The West Coast's premier LAC with per-student resources rivaling the Ivies — rare mix of sunshine and scholarship.,"[{""t"":""What draws you to your chosen major(s), or an academic passion if undecided"",""w"":""150词""},{""t"":""Choose 1 of 3: community values you bring / experience that changed your thinking / how others describe you"",""w"":""250词""}]",非美国公民/永久居民且需要签证来美就读者为国际学生。美国公民/永久居民即使在境外长大、就读，也按国内申请人对待（need-blind资助）；无证/DACA学生及在美难民/庇护身份学生亦按国内申请人。,校友面试日机会有限且非必需;国际生可交InitialView/Vericant/DET面试,CDS 2024-25
Wellesley College,韦尔斯利学院,,Wellesley,MA,42.293,-71.306,NE,lac,0,7,0,,14.8%,29.4%,12.8%(CDS推算),12.9%,8506,1460-1540,,未设线(不强制),未设线(不强制),13%,"$70,144",opt,ED1|ED2|RD,11月1日(ED1)/1月5日(ED2),1月8日,女校,,id,wellesley.edu（Admission International Students）,none,,acc,https://www.wellesley.edu/admission-aid/faqs,"波士顿西郊,约30分钟进城",~30 min west of Boston,女校之首|领袖摇篮,Top women's college|Leader factory,"全美女校之首,培养了希拉里、奥尔布赖特与宋美龄;可跨注MIT课程,姐妹网络终身受益。","America's leading women's college (Hillary Clinton, Albright, Soong Mei-ling); MIT cross-registration and a lifelong sisterhood.","[{""t"":""【26-27新题已官宣】以下为该校2026-27申请季小文书(截至8月初,以Common App/官网为准)"",""w"":""✓""},{""t"":""必答一题: 与不同背景/观点的人合作'搭桥'、改变世界的经历——为何重要,会把哪些收获带到Wellesley"",""w"":""以官网为准""}]",国际学生是指非美国公民或非美国永久居民的申请人（官网现行措辞）。,不提供面试;国际生可用InitialView/Vericant作英语能力证明,CDS 2025-26
Carleton College,卡尔顿学院,,Northfield,MN,44.461,-93.154,MW,lac,0,10,-2,,21.8%,34.6%,20.2%(CDS推算),21.2%,6796,1440-1530,,未设线(建议100+),未设线(建议7.0+),10%,"$72,069",opt,ED1|ED2|RD,11月15日(ED1)/1月15日(ED2),1月15日,49:51,,id,carleton.edu（Admissions International）,opt,1,acc,https://www.carleton.edu/admissions/apply/steps/interview/,距明尼阿波利斯约45分钟,~45 min to Minneapolis,本科教学|友善学风,Teaching-first|Friendly rigor,"本科教学质量常年全美第一,学风严谨却出了名地友善不内卷;理科生去向极佳。",Routinely #1 for undergraduate teaching; rigorous yet famously collaborative. Superb sciences outcomes.,"[{""t"":""【官网核查·2026.8】无补充文书;官方Carleton Supplement 2026-27仅为信息表(非文书题)"",""w"":""N/A""}]",就申请而言，当我们使用“国际学生”一词时，我们指的是不具有美国公民身份、永久居留权或DACA身份的学生，无论他们或他们的父母居住在哪里，或者他们在哪里上学。,"可选面试(招生官/校友),不强制;已做InitialView/Vericant可提交",官方Class of 2029 + CDS 2023-24
Harvey Mudd College,哈维穆德学院,HMC|Mudd,Claremont,CA,34.106,-117.709,W,lac,0,10,2,,12.3%,18.4%,11.6%(CDS推算),2.9%,5217,1510-1560,,100,7.5,11%,"$73,100",opt,ED1|ED2|RD,11月15日(ED1)/1月5日(ED2),1月5日,49:51,"标化可选政策官网仅确认至2026年秋入学,2027Fall政策待官宣",id,hmc.edu（Admission International Students）,opt,1,rec,https://www.hmc.edu/admission/connect/interviews/,"距洛杉矶约1小时,克莱蒙特五校之一",~1 hr to LA; one of the Claremont Colleges,文理型理工|起薪冠军,STEM in LAC form|Top salaries,"文理学院外壳+硬核理工内核,毕业起薪常年全美第一梯队;课业强度大,适合真学霸。",A hardcore STEM school in LAC form; graduate salaries among America's highest. Heavy workload — for true scholars.,"[{""t"":""How your background shapes the problems you want to solve, collaborators you seek, impact you want"",""w"":""500词""},{""t"":""Describe your dream Humanities, Social Sciences and the Arts (HSA) class at Mudd"",""w"":""100词""}]",如果您不是美国公民或永久居民，则必须以国际学生身份申请。,面试完全可选(招生官/学生/校友);国际生建议提交InitialView/Vericant,CDS 2024-25
Barnard College,巴纳德学院,,New York,NY,40.809,-73.964,NE,lac,0,13,1,,8.8%,25.6%,6.0%(CDS推算),20.7%,11836,1480-1540,,未设线(建议105+),未设线(建议7.5+),15%,"$73,033",opt,ED1|RD,11月1日(ED),1月1日,女校,,both,catalog.barnard.edu,none,,acc,https://barnard.edu/admissions/the-application-process,"曼哈顿上西区,与哥大一街之隔","Across the street from Columbia, Manhattan",纽约女校|哥大资源,NYC women's college|Columbia access,"与哥伦比亚大学共享课程和学位背书的顶尖女校,'文理学院学费,常春藤资源'的独特存在。",Elite women's college sharing courses & credentials with Columbia — LAC intimacy with Ivy resources.,"[{""t"":""【26-27新题已官宣】以下为该校2026-27申请季小文书(截至8月初,以Common App/官网为准)"",""w"":""✓""},{""t"":""①你心中一个'大胆的问题'是什么?它为何激发你的好奇心"",""w"":""50词""},{""t"":""②一位与你观点或解题方式不同、却擅长凝聚人心的女性;她的方法将如何影响你在Barnard校内外的表现"",""w"":""200-250词""}]",我们对国际学生的定义大致如下：在国外接受教育的美国以外国家的公民；在国外接受教育的美国公民；在美国接受教育的外国人。,"不提供面试;国际生可选InitialView/Vericant,美高生可交Glimpse视频",CDS 2024-25
Davidson College,戴维森学院,,Davidson,NC,35.501,-80.845,S,lac,0,13,1,,13%,29.1%,10.0%(CDS推算),18.4%,8931,1400-1530(分项加总),3.86,见官网,见官网,11%,"$73,090(26-27)",opt,ED1|ED2|RD,11月15日(ED1)/1月4日(ED2),1月11日,47:53,,id,davidson.edu（Admission & Aid）,unv,,nm,https://www.davidson.edu/admission-and-financial-aid/apply/first-year-applicants,距夏洛特约30分钟,~30 min to Charlotte,荣誉准则|南方文理,Honor code|Southern LAC,"荣誉准则深入骨髓(考试无人监考),政治学、生物强;NBA球星库里的母校。",An honor code so deep exams go unproctored; strong political science & biology. Steph Curry's alma mater.,"[{""t"":""Being as specific as possible, what interests you most about Davidson?"",""w"":""250-300词""},{""t"":""A topic, activity or idea that excites you, and why"",""w"":""250-300词""}]","国际学生是指需要签证才能到美国上大学的任何人。（原文保留）(官网现行页面未见原文,以官网为准)","官网申请页均未提及面试,政策未能核实,以官网为准",CDS 2024-25
Grinnell College,格林内尔学院,,Grinnell,IA,41.749,-92.72,MW,lac,0,13,6,,14.5%,34.2%,12.7%(CDS推算),18.9%,9758,1430-1520,,未设线(需送分),未设线(需送分),20%,"$72,346",opt,ED1|ED2|RD,11月15日(ED1)/1月5日(ED2),1月15日,46:54,,id,grinnell.edu（Admission International Students）,opt,0,acc,https://www.grinnell.edu/admission/visit/on-campus/interviews,"爱荷华州中部,距得梅因约1小时","Central Iowa, ~1 hr to Des Moines",自由课程|富有小校,Self-governed learning|Huge endowment,"人均捐赠基金全美前列的'隐形富豪校',课程自由、对国际生资助友好;社会正义传统浓。","Quietly one of the richest per student; open curriculum, generous with international aid, deep social-justice roots.","[{""t"":""【官网现行版本·2026.8核查】以下为官网当前在线小文书(页面未标注申请季年份,开学季请以Common App/官网为准)"",""w"":""→""},{""t"":""选答(官方建议写): 你的背景、对他人经历的尊重或对新视角的开放,如何助你在Grinnell成长并服务公共利益"",""w"":""200-450词""}]",这与你居住在哪里无关，而是与你的公民身份或永久居留权有关。如果你拥有美国公民身份、永久居留权（绿卡），或者你的庇护/难民身份已获批准，则必须以美国国内学生身份申请。相反，如果你不拥有美国公民身份、永久居留权，或者你的庇护/难民身份正在审批中，则必须以国际学生身份申请。如果您的永久居留身份仍处于“待定”状态，请以国际学生身份申请；一旦获批，请立即通知我们。,可选评估性面试(招生官/在校生);国际生可用InitialView/Vericant/DET代替,CDS 2024-25
Hamilton College,汉密尔顿学院,,Clinton,NY,43.053,-75.406,NE,lac,0,13,1,,13.6%,28.1%,11.5%(CDS推算),18.7%,8904,1460-1530,,100 / 新制5.0(建议5.5),未设线(建议7.5),8%,"$72,690",opt,ED1|ED2|RD,11月15日(ED1)/1月4日(ED2),1月4日,44:56,,id,hamilton.edu（Admission International Students）,rec,0,acc,https://www.hamilton.edu/admission/interviews,"纽约上州,距雪城约1小时","Upstate NY, ~1 hr to Syracuse",写作训练|开放课程,Writing program|Open curriculum,"以写作训练著称('会写作的人走得远'),开放课程自由选课;经济学与政府学去向好。",Famed for teaching writing; open curriculum. Strong outcomes in economics & government.,"[{""t"":""In the spirit of 'Know Thyself': your unique perspective, how Hamilton shapes it and vice versa"",""w"":""350词""}]","国际申请者被定义为没有美国国籍/永居的学生。（原文保留）(官网现行页面未见原文,以官网为准)",强烈建议评估性面试(招生官/大四学生);约不到面试的国际生可交InitialView/Vericant,CDS 2024-25
Middlebury College,明德学院,Midd,Middlebury,VT,44.008,-73.176,NE,lac,0,13,6,,13%,39.0%,9.8%(CDS推算),14.8%,11831,1460-1530,,建议105+,建议7.0+,13%,"$70,640",opt,ED1|ED2|RD,11月2日(ED1)/1月4日(ED2),1月4日,47:53,,id,middlebury.edu（Admissions）,opt,1,rec,https://www.middlebury.edu/college/admissions/apply/interview,"佛蒙特山谷,距伯灵顿约1小时","Vermont's Champlain Valley, ~1 hr to Burlington",语言王国|环境研究,Languages empire|Environmental studies,"语言教学全球招牌(暑期语言学校传奇),环境研究开创者;滑雪场就是学校的。",The global brand in language immersion; founded environmental studies as a major. Owns its own ski area.,"[{""t"":""【官网核查·2026.8】官网明确不要求补充文书——只需申请平台主文书"",""w"":""N/A""}]","国际学生是指持有他国护照，并且需要签证才能到美国上大学的任何人。（原文保留）(官网现行页面未见原文,以官网为准)",可选校友面试(不保证匹配);建议国际生用InitialView/Vericant完成面试,CDS 2025-26
Smith College,史密斯学院,,Northampton,MA,42.318,-72.64,NE,lac,0,13,1,,22.4%,33.5%,20.7%(CDS推算),18.4%,8102,1450-1520,,未设线(需提交),未设线(需提交),14%,"$70,768(26-27)",opt,ED1|ED2|RD,11月15日(ED1)/1月5日(ED2),1月15日,女校,,id,smith.edu（Admission International Students）,opt,1,nm,https://www.smith.edu/admission-aid/interviews,麻州西部五校联盟区,"Five College area, western MA",女校工程|独立精神,Women's engineering|Independent minds,"全美首个开设工程专业的女校,博物馆级艺术收藏;五校联盟共享课程,气质独立先锋。",First women's college with its own engineering program; museum-grade art collection and Five College access.,"[{""t"":""What would you bring to share with your residential neighbors, and what do you hope they'd share"",""w"":""250词""}]","国际学生是指需要签证才能到美国上大学的任何人。（原文保留）(官网现行页面未见原文,以官网为准)",可选面试(招生官或校友志愿者);现行官网未提及第三方面试,CDS 2024-25
Vassar College,瓦萨学院,,Poughkeepsie,NY,41.687,-73.895,NE,lac,0,13,-1,,20.9%,38.4%,19.1%(CDS推算),14.8%,11118,1460-1520,,未设线,未设线,6%,,opt,ED1|ED2|RD,11月15日(ED1)/1月1日(ED2),1月1日,,,id,vassar.edu（Admissions International Students）,opt,1,acc,https://www.vassar.edu/admission/apply/requirements/interviews/,"哈德逊河谷,距纽约约1.5小时火车","Hudson Valley, ~1.5 hrs by train to NYC",艺术人文|先锋气质,Arts & humanities|Avant-garde,"曾经的'七姐妹'之一,现为男女同校;戏剧、电影、艺术史强,校园气质自由先锋。","A former Seven Sister, now coed; strong drama, film & art history with a free-spirited campus soul.","[{""t"":""Choose 1 of 2: an identity that shaped you / the communities that shaped your lived experience"",""w"":""300词""}]",申请瓦萨学院时，任何非美国公民或永久居民均被视为国际学生。如果您已申请绿卡（永久居民身份）但申请时尚未获得，则您也被视为国际学生。,"面试为信息性非评估、名额有限;国际生不可主动预约,接受InitialView/Vericant",CDS 2025-26
Wesleyan University,卫斯理安大学,,Middletown,CT,41.556,-72.657,NE,lac,0,13,1,,16.5%,38.3%,14.3%(CDS推算),24.1%,14389,1300-1500,,100(建议),7.5(建议),8%,,opt,ED1|ED2|RD,11月15日(ED1)/1月1日(ED2),1月1日,48:52,,id,wesleyan.edu（OISA/Admission）,none,,acc,https://www.wesleyan.edu/admission/undergraduate-admission/international/index.html,"康州中部,距纽黑文约30分钟","Central CT, ~30 min to New Haven",电影名校|创意自由,Film powerhouse|Creative freedom,"'小三杰'之一,电影专业培养了大批好莱坞编剧导演(《汉密尔顿》作者母校);氛围创意多元。",One of the 'Little Three'; its film program feeds Hollywood (Lin-Manuel Miranda's alma mater). Creative and eclectic.,[],狭义定义：除美国公民或美国永久居民以外的所有国籍人士，这些学生需要办理签证才能进入美国。广义定义：在狭义定义的基础上，还包括在美国境外接受教育的美国公民和美国永久居民，以及“第三文化儿童”。,官方不设评估性面试;国际生可提交InitialView或Vericant面试,CDS 2024-25
Washington and Lee University,华盛顿与李大学,W&L,Lexington,VA,37.789,-79.445,S,lac,0,21,-2,,13.4%,27.6%,11.5%(CDS推算),7.0%,8963,1430-1530,,100(建议),7.0(建议),8%,"$74,860(26-27)",opt,ED1|ED2|RD,11月1日(ED1)/1月5日(ED2),1月5日,48:52,,id,wlu.edu（Admissions International Students）,rec,1,rec,https://www.wlu.edu/admissions/apply/admissions-interviews,弗州谢南多厄谷地,"Shenandoah Valley, Virginia",绅士传统|商科新闻,Honor & tradition|C-School & journalism,"文理学院中罕见地设有商学院和新闻专业,荣誉体系与'说话准则'传统深厚;校友慷慨,奖学金丰厚。",Rare LAC with business & journalism schools; deep honor-system traditions and famously generous alumni scholarships.,"[{""t"":""Why W&L: your familiarity with W&L and what excites you about the community (可选)"",""w"":""250词""},{""t"":""Choose 1 of 4: life outside school / diversity you bring / what you ponder deeply / a name you go by (可选)"",""w"":""250词""},{""t"":""Johnson Scholarship only: choose 1 of 5 (design a course / community norm / photo / art / nonlinear path) (可选)"",""w"":""100-800词""}]","美国公民、美国永久居民被视为国内申请人，反之是国际生。（原文保留）(官网现行页面未见原文,以官网为准)",面试强烈建议、评估性(校方/学生/校友);国际生官方鼓励提交InitialView,CDS 2025-26
Colgate University,科尔盖特大学,,Hamilton,NY,42.819,-75.537,NE,lac,0,22,0,,13.9%,19.5%,13.1%(CDS推算),9.6%,20682,1450-1510,3.85,100 / 新制4.5,7.0,8%,"$73,646",opt,ED1|ED2|RD,11月15日(ED1)/1月15日(ED2),1月15日,43:57,,id,colgate.edu（Admission International Students）,none,,rec,https://www.colgate.edu/admission-aid/apply/international-applicants,"纽约上州,距雪城约45分钟","Upstate NY, ~45 min to Syracuse",校园颜值|社交活力,Gorgeous campus|Social energy,"全美最美校园常客,经济、国际关系强;学术扎实又不失社交活力,校友忠诚度高。",Perennial 'most beautiful campus'; strong econ & IR blending rigor with social energy and loyal alumni.,"[{""t"":""Benefits of engaging with a diverse body of students, faculty and staff at Colgate (可选)"",""w"":""250词""},{""t"":""What inspires you and why you want to pursue it at Colgate (可选)"",""w"":""250词""},{""t"":""13 short fill-ins, e.g. 'I am fascinated by...' (可选)"",""w"":""每题13词""}]",国际学生是指没有美国国籍的学生。此定义不包括美国双重国籍公民、永久居民或居住在国外的美国公民。,"不设评估面试,仅可选非评估交流会;非英语母语者官方鼓励InitialView,也接受Vericant",CDS 2025-26
University of Richmond,里士满大学,,Richmond,VA,37.575,-77.539,S,lac,0,22,0,,22.2%,36.5%,21.2%(CDS推算),50.2%,16560,1430-1510,3.81,见官网,见官网,12%,"$67,840",opt,EA|ED1|ED2|RD,11月1日(ED1/EA)/1月1日(ED2),1月1日,46:54,,id,admission.richmond.edu（International）,none,,acc,https://admission.richmond.edu/contact/alumni-interview.html,弗州首府里士满西郊,"West of downtown Richmond, VA",文理加商科|湖心校园,LAC + business|Lakeside campus,"文理学院体量+一流本科商学院的少见组合,领导力研究独树一帜;提供EA轮,奖学金机会多。",Rare LAC-plus-business combo with a unique leadership-studies school. Offers EA; rich merit scholarships.,"[{""t"":""Choose 1 of 3: policy to address social injustice / something unexpected you learned / how you'll contribute"",""w"":""350-650词""}]",国际学生是指没有美国国籍并且不是美国永久居民的学生。,"不设评估性面试,Spider Chats仅为信息交流;接受InitialView/Vericant英语补充",CDS 2024-25/2025-26
Bates College,贝茨学院,,Lewiston,ME,44.106,-70.203,NE,lac,0,24,2,,14.8%,33.5%,12.8%(CDS推算),20.6%,9660,1325-1510,,未设线,未设线,9%,"$70,146(26-27)",opt,ED1|ED2|RD,11月15日(ED1)/1月10日(ED2),1月10日,,,id,bates.edu（Admission International Students）,none,,rec,https://www.bates.edu/admission/apply/international-students/,"缅因州,距波特兰约45分钟","Maine, ~45 min to Portland",平等传统|毕业论文,Egalitarian roots|Senior thesis,"创校即不分性别种族招生的平等先锋,人人都写毕业论文;1984年起就不强制标化。",Founded coed and open to all races; every student writes a senior thesis. Test-optional since 1984.,[],国际学生是指非美国公民、其移民身份需要签证才能进入美国的学生。居住在美国境外的美国公民在资助层面按国内学生对待，但其申请材料由国际招生委员会按就读地审阅。,"不设校方面试,校友交流非评估;官方称提交InitialView/Vericant者更具竞争力",官方Facts 2025-26 + CDS 2025-26
Colby College,科尔比学院,,Waterville,ME,44.564,-69.663,NE,lac,0,24,1,,7%,,,,20144,1460-1550,,见官网,见官网,11%,"$69,600(24-25)",opt,ED1|ED2|RD,11月15日(ED1)/1月4日(ED2),1月4日,,,id,colby.edu / afa.colby.edu,none,,acc,https://afa.colby.edu/apply/faq/,"缅因州中部,距波特兰约1.5小时","Central Maine, ~1.5 hrs to Portland",环境科学|一月学期,Environmental science|Jan Plan,"环境科学先驱,特色'一月学期'鼓励实习游学;近年设施投入巨大,录取热度飙升。","Environmental-science pioneer with the signature January 'Jan Plan'; huge recent facility investments, surging applications.",[],"国际学生是指没有美国国籍并且不是美国永久居民的学生。（原文保留）(官网现行页面未见原文,以官网为准)",官方不提供面试;可自愿提交InitialView/Vericant或多邻国视频面试供参考,CDS 2023-24 + IPEDS 2024
Haverford College,哈弗福德学院,,Haverford,PA,40.01,-75.307,NE,lac,0,24,0,,13.3%,32.6%,11.1%(CDS推算),15.9%,6730,1460-1530,,100,7.0,14%,"$73,871",opt,ED1|ED2|RD,11月15日(ED1)/1月4日(ED2),1月15日,43:57,,id,haverford.edu（Admission International Students）,rec,0,acc,https://www.haverford.edu/admission/applying/international-students,"费城主线区,火车约20分钟进城","Philadelphia Main Line, ~20 min by train",贵格信任|学术诚实,Quaker trust|Intellectual honesty,"贵格会荣誉准则的极致实践(自我监督考试),与布林茅尔、斯沃斯莫尔共享课程;小而纯粹。",Quaker honor code taken to its fullest (self-scheduled exams); shares courses with Bryn Mawr & Swarthmore. Small and pure.,"[{""t"":""A topic that sparks your intellectual excitement; how you'd engage with it at Haverford"",""w"":""150-200词""},{""t"":""Values you seek in your next community; how Haverford's Honor Code values resonate with you"",""w"":""150-200词""}]",非美国公民或永久居民就是国际学生。,"鼓励参加招生办Zoom评估性面试,非必需;也接受InitialView面试",CDS 2025-26
College of the Holy Cross,圣十字学院,Holy Cross,Worcester,MA,42.239,-71.808,NE,lac,0,27,1,,18%,67.1%,"16.7%(CDS推算,23-24)",46.4%,8670,1270-1420,,未设线(建议100+),未设线(建议7+),4%,"$67,200(25-26)",opt,ED1|ED2|RD,11月15日(ED1)/1月15日(ED2),1月15日,,,id,holycross.edu（Admissions International Students）,rec,1,rec,https://www.holycross.edu/admissions-aid/how-to-apply/international-students,"麻州伍斯特,距波士顿约1小时","Worcester, MA — ~1 hr to Boston",耶稣会文理|校友网络,Jesuit LAC|Crusader network,"耶稣会文理学院代表,经典学科与医预扎实;波士顿金融圈校友网密,提供EA轮。",Flagship Jesuit LAC with solid classics & pre-med; dense Boston finance alumni network. Offers EA.,[],国际学生是指没有美国国籍并且不是美国永久居民的学生。,强烈建议面试(校方及校友);官方称中国录取者多提交InitialView/Vericant面试,CDS 2023-24 + 官方Class of 2028
Macalester College,玛卡莱斯特学院,,St. Paul,MN,44.938,-93.169,MW,lac,0,28,-2,,28.1%,42.0%,27.3%(CDS推算),27.4%,8819,1350-1480,,未设线(可选),未设线(可选),15%,"$64,908(23-24)",opt,EA|ED1|ED2|RD,11月1日(ED1/EA)/1月1日(ED2),1月15日,43:57,,hs,macalester.edu（Admissions International）,opt,0,acc,https://www.macalester.edu/admissions/international/faq/,"圣保罗市区,双城都会圈内","Urban St. Paul, in the Twin Cities",国际主义|城市文理,Internationalist|Urban LAC,"国际主义旗帜鲜明(联合国前秘书长安南母校),国际生比例高、资助友好;地处双城市区实习方便。",Proudly internationalist (Kofi Annan's alma mater) with high international enrollment & aid; urban Twin Cities internships.,"[{""t"":""How might Macalester's Twin Cities metropolitan location impact your experience? (可选)"",""w"":""500词""}]",学校会根据学生就读的中学/完成中学教育后就读的中学来阅读申请，无论其公民身份如何。在美国完成中学教育的国际学生将主要由负责学生高中所在州或地区的招生官员阅读；在海外完成中学教育的美国公民/永久居民将由国际招生团队阅读。,"评估面试仅限美籍/绿卡,国际生无校方面试;英语可用InitialView/Vericant",CDS 2025-26
Mount Holyoke College,曼荷莲学院,,South Hadley,MA,42.255,-72.574,NE,lac,0,29,5,,38.4%,50.6%,37.2%(CDS推算),29.5%,4619,1410-1510,3.89,见官网,见官网,20%,"$71,450(26-27)",opt,ED1|ED2|RD,11月15日(ED1)/1月5日(ED2),1月15日,女校,,id,mtholyoke.edu（Admission International Applicants）,opt,1,acc,https://www.mtholyoke.edu/admission/apply-undergraduate-first-year/application-process/international-admission/international-admission-faq,麻州西部五校联盟区,"Five College area, western MA",女校鼻祖|国际友好,First women's college|International-friendly,"全美历史最悠久的女校、'七姐妹'之首,对国际生录取与资助尤其友好;五校联盟共享资源。",America's oldest women's college and first of the Seven Sisters; notably welcoming (and generous) to international students.,"[{""t"":""Choose 1 of 3: why Mount Holyoke / how your community shaped your outlook / what fascinates you (可选)"",""w"":""250-400词""}]",国际学生定义为不持有美国公民身份、美国永久居民身份或不符合美国难民或DACA身份的学生。居住在海外的美国学生、美国永久居民、难民和DACA学生不被视为传统意义上的国际学生。无论国籍如何，新生入学申请均根据学生就读学校所在国家/地区进行审核。,面试可选、仅计一次;国际生可用校园/校友/InitialView、Vericant面试,CDS 2024-25/2025-26
Bryn Mawr College,布林茅尔学院,,Bryn Mawr,PA,40.027,-75.314,NE,lac,0,30,-1,,28.1%,41.3%,,14.9%,4260,1290-1490,3.93,100,7.0,13%,,opt,ED1|ED2|RD,11月15日(ED1)/1月1日(ED2),1月15日,女校,,id,brynmawr.edu（Admissions International Students）,rec,1,rec,https://www.brynmawr.edu/admissions-aid/visit-bryn-mawr/admissions-interviews,"费城主线区,火车约25分钟进城","Philadelphia Main Line, ~25 min by train",学术女校|古典传统,Scholarly women's college|Classics tradition,"'七姐妹'中最学术的一所,数学与古典学传统深;与哈弗福德、斯沃斯莫尔、宾大共享课程。","The most scholarly Seven Sister — deep math & classics tradition; cross-registers with Haverford, Swarthmore and Penn.","[{""t"":""What do you know about yourself to be true, and what led you to that truth?"",""w"":""250-500词""},{""t"":""Why are you interested in Bryn Mawr? (可选)"",""w"":""250词""}]",学生不拥有美国国籍、不拥有美国永久居留权就是国际生。,"强烈鼓励面试(招生办/校友);中国境内无法安排,可用InitialView代替",CDS 2024-25
Bucknell University,巴克内尔大学,,Lewisburg,PA,40.955,-76.884,NE,lac,0,30,1,,32.2%,54.7%,29.6%(CDS推算),39.7%,11561,1340-1490(录取者),3.74,100,7.0,5%,"$73,500(26-27)",opt,ED1|ED2|RD,11月15日(ED1)/1月15日(ED2),1月10日,48:52,,id,bucknell.edu（Admissions International Students）,none,,acc,https://www.bucknell.edu/admissions-aid/apply-bucknell/undergraduate-admission-requirements/admission-requirements-international-students,"宾州中部,距费城约3小时","Central PA, ~3 hrs to Philadelphia",工程文理|就业导向,Engineering LAC|Career outcomes,"文理学院里少有的完整工学院+管理学院,毕业就业数据亮眼;校园精致,社团活跃。","A rare LAC with full engineering & management schools and shiny placement stats. Polished campus, lively Greek life.","[{""t"":""Explain your interest in your chosen major(s)/undecided status and why Bucknell to pursue it"",""w"":""250词""}]","美国公民、美国永久居民被视为国内申请人，反之是国际生。（原文保留）(官网现行页面未见原文,以官网为准)",面试不属于申请流程;国际生可自愿提交InitialView或Vericant第三方面试,CDS 2025-26 + 官方录取者口径
Colorado College,科罗拉多学院,,Colorado Springs,CO,38.848,-104.823,W,lac,0,30,-1,,22.1%,35.6%,,31.9%,8822,1240-1430,3.95,未设线(建议100+),未设线(建议7.0+),5%,"$73,566(24-25)",opt,EA|ED1|ED2|RD,11月1日(ED1)/1月15日(ED2/EA),1月15日,44:56,,id,coloradocollege.edu/admission（International Students）,opt,0,nm,https://www.coloradocollege.edu/admission/apply/first-year-students.html,"落基山下,距丹佛约1小时","At the Rockies' feet, ~1 hr to Denver",块状学制|山地生活,Block Plan|Mountain life,独一无二的'块状学制':一次只上一门课、三周半一轮;适合喜欢沉浸式学习和户外的孩子。,"The one-of-a-kind Block Plan: one course at a time, 3.5 weeks each. For immersive learners who love the outdoors.","[{""t"":""A time you experienced deep focus in an academic or extracurricular setting; how it turned out"",""w"":""300词""}]",如果您不是美国公民，并且在科罗拉多学院就读期间将申请F-1签证或保持其他签证状态，则可以以国际学生的身份申请。如果您拥有美国双重国籍、是永久居民、是DACA和/或居住在美国且未申请F-1签证的无证学生、和/或居住在国外的美国公民，您将以国内学生身份申请。,"提供可选30分钟线上信息性面试,由在校学生进行、非评估;官网未提第三方",CDS 2025-26
Lafayette College,拉法耶特学院,,Easton,PA,40.699,-75.209,NE,lac,0,30,1,,31.2%,38.0%,30.5%(CDS推算),22.7%,10556,1360-1490,3.56,100,7.0,11%,"$70,486(26-27)",opt,ED1|ED2|RD,11月15日(ED1)/1月15日(ED2),1月15日,49:51,,id,admissions.lafayette.edu,rec,1,nm,https://admissions.lafayette.edu/admissions-visits/admissions-interview-faqs/,距纽约约1.5小时车程,~1.5 hrs to New York City,工程文理|小校资源,"Engineering LAC|Big resources, small school","和巴克内尔类似的'文理+工程'组合,人均科研经费充裕;距纽约近,招生对展示兴趣敏感。","Like Bucknell, an LAC-plus-engineering blend with rich per-student research funding; near NYC, tracks demonstrated interest.","[{""t"":""Why Lafayette?"",""w"":""20-200词""}]",美国公民、美国永久居民被视为国内申请人，反之是国际生。,"建议面试但非必需,信息+评估性,由招生办/大四学生/校友进行",CDS 2025-26
