unitid,name_en,city,st,lat,lng
100654,Alabama A & M University,Normal,AL,34.78337,-86.56850
100663,University of Alabama at Birmingham,Birmingham,AL,33.50570,-86.79934
100690,Amridge University,Montgomery,AL,32.36261,-86.17401
100706,University of Alabama in Huntsville,Huntsville,AL,34.72456,-86.64045
100724,Alabama State University,Montgomery,AL,32.36432,-86.29568
100751,The University of Alabama,Tuscaloosa,AL,33.21188,-87.54598
100812,Athens State University,Athens,AL,34.80679,-86.96470
100830,Auburn University at Montgomery,Montgomery,AL,32.36736,-86.17754
100858,Auburn University,Auburn,AL,32.59938,-85.48826
101189,Faulkner University,Montgomery,AL,32.38418,-86.21641
101435,Huntingdon College,Montgomery,AL,32.35103,-86.28437
101453,Heritage Christian University,Florence,AL,34.85615,-87.66305
101480,Jacksonville State University,Jacksonville,AL,33.82294,-85.76532
101587,University of West Alabama,Livingston,AL,32.58813,-88.18633
101675,Miles College,Fairfield,AL,33.48244,-86.90875
101693,University of Mobile,Mobile,AL,30.79325,-88.12893
101709,University of Montevallo,Montevallo,AL,33.10625,-86.86510
101879,University of North Alabama,Florence,AL,34.80731,-87.68041
101912,Oakwood University,Huntsville,AL,34.75634,-86.65270
102049,Samford University,Birmingham,AL,33.46413,-86.79180
102058,Selma University,Selma,AL,32.42039,-87.03239
102094,University of South Alabama,Mobile,AL,30.69603,-88.17871
102234,Spring Hill College,Mobile,AL,30.69475,-88.13820
102270,Stillman College,Tuscaloosa,AL,33.20001,-87.58528
102298,Talladega College,Talladega,AL,33.43347,-86.11270
102368,Troy University,Troy,AL,31.79958,-85.95802
102377,Tuskegee University,Tuskegee,AL,32.43090,-85.70849
102395,United States Sports University,Daphne,AL,30.63933,-87.91163
102553,University of Alaska Anchorage,Anchorage,AK,61.19016,-149.82619
102580,Alaska Bible College,Palmer,AK,61.59855,-149.11197
102614,University of Alaska Fairbanks,Fairbanks,AK,64.85756,-147.82315
102632,University of Alaska Southeast,Juneau,AK,58.38485,-134.63825
102669,Alaska Pacific University,Anchorage,AK,61.19097,-149.80417
102845,Charter College,Anchorage,AK,61.19633,-149.83927
104090,Brookline College-Phoenix,Phoenix,AZ,33.56610,-112.11247
104151,Arizona State University Campus Immersion,Tempe,AZ,33.41772,-111.93438
104179,University of Arizona,Tucson,AZ,32.23267,-110.95081
104346,Central Arizona College,Coolidge,AZ,32.95709,-111.65250
104425,Cochise County Community College District,Sierra Vista,AZ,31.56460,-110.24695
104577,Eastern Arizona College,Thatcher,AZ,32.84366,-109.76234
104665,The School of Architecture,Scottsdale,AZ,33.52427,-111.91678
104708,Glendale Community College,Glendale,AZ,33.57023,-112.19073
104717,Grand Canyon University,Phoenix,AZ,33.51323,-112.12993
105145,GateWay Community College,Phoenix,AZ,33.44969,-111.99708
105154,Mesa Community College,Mesa,AZ,33.39032,-111.87125
105297,Dine College,Tsaile,AZ,36.29333,-109.21684
105330,Northern Arizona University,Flagstaff,AZ,35.18845,-111.65372
105349,Northland Pioneer College,Holbrook,AZ,34.93031,-110.14220
105428,Phoenix College,Phoenix,AZ,33.48136,-112.08829
105534,Pima Medical Institute-Tucson,Tucson,AZ,32.24807,-110.87878
105589,Prescott College,Prescott,AZ,34.54520,-112.47718
105668,Rio Salado College,Tempe,AZ,33.41331,-111.97417
105747,Scottsdale Community College,Scottsdale,AZ,33.51135,-111.88519
105792,South Mountain Community College,Phoenix,AZ,33.38241,-112.03263
105899,Arizona Christian University,Glendale,AZ,33.62295,-112.18178
106148,Yavapai College,Prescott,AZ,34.54750,-112.45339
106245,University of Arkansas at Little Rock,Little Rock,AR,34.72325,-92.33978
106263,University of Arkansas for Medical Sciences,Little Rock,AR,34.75015,-92.32235
106306,Arkansas Baptist College,Little Rock,AR,34.73475,-92.29055
106342,Lyon College,Batesville,AR,35.77762,-91.62535
106397,University of Arkansas,Fayetteville,AR,36.07001,-94.17698
106412,University of Arkansas at Pine Bluff,Pine Bluff,AR,34.24403,-92.01868
106458,Arkansas State University,Jonesboro,AR,35.84239,-90.67999
106467,Arkansas Tech University,Russellville,AR,35.29609,-93.13717
106485,University of Arkansas at Monticello,Monticello,AR,33.59091,-91.81115
106704,University of Central Arkansas,Conway,AR,35.07795,-92.45767
106713,Central Baptist College,Conway,AR,35.08384,-92.44502
106810,Crowley's Ridge College,Paragould,AR,36.06485,-90.58439
107044,Harding University,Searcy,AR,35.24739,-91.72614
107071,Henderson State University,Arkadelphia,AR,34.12816,-93.05970
107080,Hendrix College,Conway,AR,35.10157,-92.44326
107141,John Brown University,Siloam Springs,AR,36.18981,-94.56028
107512,Ouachita Baptist University,Arkadelphia,AR,34.12609,-93.05247
107558,University of the Ozarks,Clarksville,AR,35.47628,-93.46722
107600,Philander Smith University,Little Rock,AR,34.73713,-92.28301
107877,Williams Baptist University,Walnut Ridge,AR,36.12568,-90.94028
107983,Southern Arkansas University Main Campus,Magnolia,AR,33.29162,-93.23592
108092,University of Arkansas-Fort Smith,Fort Smith,AR,35.38418,-94.37373
108232,Academy of Art University,San Francisco,CA,37.78794,-122.40058
108269,Academy of Chinese Culture and Health Sciences,Oakland,CA,37.80597,-122.26984
108861,Berkeley School of Theology,Berkeley,CA,37.86525,-122.25615
108870,American Film Institute Conservatory,Los Angeles,CA,34.10767,-118.31002
109350,Antelope Valley Community College District,Lancaster,CA,34.67621,-118.18617
109651,Art Center College of Design,Pasadena,CA,34.16903,-118.18510
109785,Azusa Pacific University,Azusa,CA,34.13005,-117.88837
109819,Bakersfield College,Bakersfield,CA,35.40911,-118.97375
110060,Bethesda University,Anaheim,CA,33.84230,-117.94132
110097,Biola University,La Mirada,CA,33.90620,-118.01437
110219,Bryan University,Tempe,AZ,33.43778,-111.94420
110316,California Institute of Integral Studies,San Francisco,CA,37.77492,-122.41610
110361,California Baptist University,Riverside,CA,33.92932,-117.42562
110370,California College of the Arts,San Francisco,CA,37.76749,-122.39945
110398,University of California College of the Law-San Francisco,San Francisco,CA,37.78114,-122.41570
110404,California Institute of Technology,Pasadena,CA,34.13735,-118.12588
110413,California Lutheran University,Thousand Oaks,CA,34.22457,-118.87892
110422,California Polytechnic State University-San Luis Obispo,San Luis Obispo,CA,35.29951,-120.65731
110468,Alliant International University-San Diego,San Diego,CA,32.89706,-117.09440
110486,California State University-Bakersfield,Bakersfield,CA,35.35001,-119.10471
110495,California State University-Stanislaus,Turlock,CA,37.52577,-120.85251
110510,California State University-San Bernardino,San Bernardino,CA,34.18262,-117.32380
110529,California State Polytechnic University-Pomona,Pomona,CA,34.05791,-117.82148
110538,California State University-Chico,Chico,CA,39.72971,-121.84486
110547,California State University-Dominguez Hills,Carson,CA,33.86477,-118.25592
110556,California State University-Fresno,Fresno,CA,36.81115,-119.74457
110565,California State University-Fullerton,Fullerton,CA,33.88151,-117.88545
110574,California State University-East Bay,Hayward,CA,37.65769,-122.05413
110583,California State University-Long Beach,Long Beach,CA,33.78282,-118.11204
110592,California State University-Los Angeles,Los Angeles,CA,34.06693,-118.16896
110608,California State University-Northridge,Northridge,CA,34.24013,-118.52932
110617,California State University-Sacramento,Sacramento,CA,38.55942,-121.42355
110635,University of California-Berkeley,Berkeley,CA,37.87192,-122.26046
110644,University of California-Davis,Davis,CA,38.53967,-121.74957
110653,University of California-Irvine,Irvine,CA,33.64843,-117.84125
110662,University of California-Los Angeles,Los Angeles,CA,34.07178,-118.44218
110671,University of California-Riverside,Riverside,CA,33.97246,-117.32741
110680,University of California-San Diego,La Jolla,CA,32.87775,-117.23587
110699,University of California-San Francisco,San Francisco,CA,37.76374,-122.45849
110705,University of California-Santa Barbara,Santa Barbara,CA,34.41630,-119.84643
110714,University of California-Santa Cruz,Santa Cruz,CA,36.99558,-122.05880
110778,Sofia University,Palo Alto,CA,37.43033,-122.10866
111045,Haven University,Garden Grove,CA,33.77739,-117.93941
111081,California Institute of the Arts,Valencia,CA,34.39327,-118.56684
111188,Cal Poly Maritime Academy,Vallejo,CA,38.06906,-122.23155
111391,California Western School of Law,San Diego,CA,32.72219,-117.16242
111461,College of the Canyons,Santa Clarita,CA,34.40399,-118.56870
111638,Casa Loma College-Los Angeles,Sherman Oaks,CA,34.15510,-118.46655
111887,Cerritos College,Norwalk,CA,33.88687,-118.09734
111948,Chapman University,Orange,CA,33.79302,-117.85252
111966,Charles R Drew University of Medicine and Science,Los Angeles,CA,33.92566,-118.24279
112075,Concordia University-Irvine,Irvine,CA,33.65366,-117.81230
112084,San Diego Christian College,Santee,CA,32.84345,-116.97809
112127,Church Divinity School of the Pacific,Berkeley,CA,37.87618,-122.26112
112251,Claremont Graduate University,Claremont,CA,34.10359,-117.71370
112260,Claremont McKenna College,Claremont,CA,34.10215,-117.71119
112394,University of Silicon Valley,San Jose,CA,37.41405,-121.94087
112525,Western University of Health Sciences,Pomona,CA,34.05809,-117.74773
112570,California College of ASU,Los Angeles,CA,34.03936,-118.25968
113111,Crafton Hills College,Yucaipa,CA,34.03918,-117.10117
113236,Cypress College,Cypress,CA,33.82833,-118.02514
113333,De Anza College,Cupertino,CA,37.31991,-122.04578
113582,Design Institute of San Diego,San Diego,CA,32.88093,-117.16737
113698,Dominican University of California,San Rafael,CA,37.98128,-122.51205
113704,Dominican School of Philosophy & Theology,Berkeley,CA,37.88110,-122.26461
113856,East Los Angeles College,Monterey Park,CA,34.04053,-118.14878
114433,Feather River Community College District,Quincy,CA,39.95310,-120.97307
114549,Fielding Graduate University,Santa Barbara,CA,34.42941,-119.71716
114585,Five Branches University,Santa Cruz,CA,36.96435,-121.99824
114716,Foothill College,Los Altos Hills,CA,37.36166,-122.12796
114734,Franciscan School of Theology,San Diego,CA,32.77082,-117.19207
114789,Fresno City College,Fresno,CA,36.76816,-119.79610
114813,Fresno Pacific University,Fresno,CA,36.72683,-119.73520
114840,Fuller Theological Seminary,Pasadena,CA,34.14778,-118.14026
115010,Glendale Career College,Glendale,CA,34.14977,-118.25472
115083,Golden Gate University,San Francisco,CA,37.78937,-122.39897
115214,Graduate Theological Union,Berkeley,CA,37.87554,-122.26185
115409,Harvey Mudd College,Claremont,CA,34.10652,-117.70984
115746,Pacifica Graduate Institute,Santa Barbara CA,CA,34.42088,-119.58041
115755,California State Polytechnic University-Humboldt,Arcata,CA,40.87748,-124.07829
115773,Humphreys University,Stockton,CA,38.01149,-121.31692
116226,Interior Designers Institute,Newport Beach,CA,33.64139,-117.86572
116846,American Jewish University,Los Angeles,CA,34.12815,-118.47171
117104,Life Pacific University,San Dimas,CA,34.09871,-117.82939
117140,University of La Verne,La Verne,CA,34.10086,-117.77326
117168,Laguna College of Art and Design,Laguna Beach,CA,33.56145,-117.77256
117283,Latin American Bible Institute,La Puente,CA,34.03099,-117.98960
117520,Life Chiropractic College West,Hayward,CA,37.63810,-122.11762
117557,Lincoln University,Oakland,CA,37.80479,-122.26974
117575,Southern California Seminary,El Cajon,CA,32.79961,-116.90546
117627,La Sierra University,Riverside,CA,33.91070,-117.50005
117636,Loma Linda University,Loma Linda,CA,34.05124,-117.26060
117672,Southern California University of Health Sciences,Whittier,CA,33.92297,-117.98340
117733,Los Angeles Valley College,Valley Glen,CA,34.17517,-118.42173
117751,The Master's University and Seminary,Santa Clarita,CA,34.38176,-118.51819
117867,Los Angeles Mission College,Sylmar,CA,34.31467,-118.41950
117946,Loyola Marymount University,Los Angeles,CA,33.97085,-118.41574
118693,Menlo College,Atherton,CA,37.45347,-122.19080
118912,MiraCosta College,Oceanside,CA,33.19048,-117.30261
118976,Modesto Junior College,Modesto,CA,37.65106,-121.00979
119137,Moorpark College,Moorpark,CA,34.30115,-118.83453
119173,Mount Saint Mary's University,Los Angeles,CA,34.08532,-118.48288
119270,Musicians Institute,Hollywood,CA,34.10127,-118.33758
119605,National University,San Diego,CA,32.82930,-117.12730
119678,Naval Postgraduate School,Monterey,CA,36.59716,-121.87425
119775,Newschool of Architecture and Design,San Diego,CA,32.71331,-117.15330
120184,Notre Dame de Namur University,Belmont,CA,37.51711,-122.28479
120254,Occidental College,Los Angeles,CA,34.12712,-118.21091
120403,Otis College of Art and Design,Los Angeles,CA,33.95661,-118.41661
120537,Hope International University,Fullerton,CA,33.87616,-117.88573
120698,Palo Alto University,Palo Alto,CA,37.38222,-122.18744
120768,Pacific Oaks College,Pasadena,CA,34.15338,-118.15132
120795,Pacific School of Religion,Berkeley,CA,37.87669,-122.26315
120838,Pacific States University,Los Angeles,CA,34.06132,-118.29841
120865,Pacific Union College,Angwin,CA,38.57059,-122.44031
120883,University of the Pacific,Stockton,CA,37.98142,-121.31230
121150,Pepperdine University,Malibu,CA,34.03779,-118.70708
121257,Pitzer College,Claremont,CA,34.10411,-117.70667
121309,Point Loma Nazarene University,San Diego,CA,32.71839,-117.25026
121345,Pomona College,Claremont,CA,34.09903,-117.71456
121619,Santa Ana College,Santa Ana,CA,33.75931,-117.88756
121628,RAND School of Public Policy,Santa Monica,CA,34.00973,-118.49065
121691,University of Redlands,Redlands,CA,34.06422,-117.16322
121886,Rio Hondo College,Whittier,CA,34.01982,-118.03351
122117,Dongguk University Los Angeles,Los Angeles,CA,34.06597,-118.28952
122296,Samuel Merritt University,Oakland,CA,37.82029,-122.26633
122339,San Diego City College,San Diego,CA,32.71740,-117.15273
122375,San Diego Mesa College,San Diego,CA,32.80383,-117.16916
122384,San Diego Miramar College,San Diego,CA,32.90976,-117.12026
122409,San Diego State University,San Diego,CA,32.77525,-117.07123
122436,University of San Diego,San Diego,CA,32.77082,-117.19207
122506,San Francisco Conservatory of Music,San Francisco,CA,37.77554,-122.42029
122597,San Francisco State University,San Francisco,CA,37.72122,-122.47680
122612,University of San Francisco,San Francisco,CA,37.77662,-122.45048
122649,San Joaquin College of Law,Clovis,CA,36.82448,-119.69766
122685,San Joaquin Valley College-Visalia,Visalia,CA,36.32805,-119.38498
122728,William Jessup University,Rocklin,CA,38.81973,-121.29231
122755,San Jose State University,San Jose,CA,37.33657,-121.88062
122931,Santa Clara University,Santa Clara,CA,37.34836,-121.93784
122977,Santa Monica College,Santa Monica,CA,34.01702,-118.46976
123095,Saybrook University,Pasadena,CA,34.15310,-118.15215
123165,Scripps College,Claremont,CA,34.10415,-117.71129
123280,Shasta Bible College and Graduate School,Redding,CA,40.56603,-122.31442
123299,Shasta College,Redding,CA,40.62573,-122.31798
123457,Simpson University,Redding,CA,40.61334,-122.33298
123509,Skyline College,San Bruno,CA,37.63042,-122.46733
123554,Saint Mary's College of California,Moraga,CA,37.84073,-122.10903
123563,Solano Community College,Fairfield,CA,38.23588,-122.12237
123572,Sonoma State University,Rohnert Park,CA,38.34027,-122.67707
123633,South Baylo University,Anaheim,CA,33.84829,-117.95842
123651,Vanguard University of Southern California,Costa Mesa,CA,33.66269,-117.90091
123916,Starr King School for the Ministry,Oakland,CA,37.80353,-122.27072
123943,Marshall B Ketchum University,Fullerton,CA,33.88935,-117.88623
123952,Southern California Institute of Architecture,Los Angeles,CA,34.04422,-118.23280
123961,University of Southern California,Los Angeles,CA,34.02128,-118.28417
123970,Southwestern Law School,Los Angeles,CA,34.06156,-118.28837
124113,Taft College,Taft,CA,35.14934,-119.45975
124283,Claremont School of Theology,Los Angeles,CA,34.06492,-118.43249
124292,Thomas Aquinas College,Santa Paula,CA,34.42901,-119.08714
124487,Epic Bible College & Graduate School,Sacramento,CA,38.64515,-121.36264
125037,The Colleges of Law at Ventura,Ventura,CA,34.25747,-119.23299
125091,Victor Valley College,Victorville,CA,34.47223,-117.26146
125231,Walden University,Minneapolis,MN,44.98125,-93.26574
125471,West Los Angeles College,Culver City,CA,34.00451,-118.38666
125532,Carrington College-Sacramento,Sacramento,CA,38.55610,-121.37138
125718,Westminster Theological Seminary in California,Escondido,CA,33.12145,-117.04637
125727,Westmont College,Santa Barbara,CA,34.45015,-119.66252
125763,Whittier College,Whittier,CA,33.97877,-118.03230
125897,Woodbury University,Burbank,CA,34.20801,-118.34115
126012,The Wright Institute,Berkeley,CA,37.86822,-122.25317
126049,Thomas Jefferson School of Law,San Diego,CA,32.71760,-117.15786
126076,Yeshiva Ohr Elchonon Chabad West Coast Talmudical Seminary,Los Angeles,CA,34.08547,-118.34661
126182,Adams State University,Alamosa,CO,37.47364,-105.87964
126207,Aims Community College,Greeley,CO,40.40956,-104.76341
126289,Arapahoe Community College,Littleton,CO,39.60751,-105.01863
126562,University of Colorado Denver/Anschutz Medical Campus,Denver,CO,39.74515,-104.83772
126580,University of Colorado Colorado Springs,Colorado Springs,CO,38.89274,-104.80030
126614,University of Colorado Boulder,Boulder,CO,40.00878,-105.27082
126669,Colorado Christian University,Lakewood,CO,39.71388,-105.09456
126678,Colorado College,Colorado Springs,CO,38.84886,-104.82270
126687,Concorde Career College-Aurora,Aurora,CO,39.71870,-104.86709
126711,Colorado Mountain College,Glenwood Springs,CO,39.54636,-107.32444
126748,Colorado Northwestern Community College,Rangely,CO,40.08111,-108.79005
126775,Colorado School of Mines,Golden,CO,39.75144,-105.22336
126818,Colorado State University-Fort Collins,Fort Collins,CO,40.57481,-105.08073
126827,Colorado Technical University-Colorado Springs,Colorado Springs,CO,38.89507,-104.85716
126863,Community College of Aurora,Aurora,CO,39.71788,-104.80267
126942,Community College of Denver,Denver,CO,39.74141,-105.00104
126979,Denver Seminary,Littleton,CO,39.60060,-105.02236
127060,University of Denver,Denver,CO,39.67801,-104.96326
127185,Fort Lewis College,Durango,CO,37.27594,-107.86742
127200,Front Range Community College,Westminster,CO,39.90145,-105.03807
127273,Iliff School of Theology,Denver,CO,39.67593,-104.96066
127389,Lamar Community College,Lamar,CO,38.06889,-102.61614
127556,Colorado Mesa University,Grand Junction,CO,39.08064,-108.55327
127565,Metropolitan State University of Denver,Denver,CO,39.74420,-105.00504
127617,Morgan Community College,Fort  Morgan,CO,40.25879,-103.77182
127653,Naropa University,Boulder,CO,40.01424,-105.26699
127714,Nazarene Bible College,Colorado Springs,CO,38.86235,-104.75806
127741,University of Northern Colorado,Greeley,CO,40.41086,-104.69278
127820,Pikes Peak State College,Colorado Springs,CO,38.76429,-104.78726
127884,Pueblo Community College,Pueblo,CO,38.26212,-104.63626
127909,Red Rocks Community College,Lakewood,CO,39.72028,-105.15009
127918,Regis University,Denver,CO,39.78818,-105.03076
127945,Rocky Mountain College of Art and Design,Lakewood,CO,39.74332,-105.06991
127954,Montessori Education Center of the Rockies,Denver,CO,39.76294,-104.94341
128106,Colorado State University Pueblo,Pueblo,CO,38.30859,-104.57903
128258,Trinidad State College,Trinidad,CO,37.17206,-104.51345
128328,United States Air Force Academy,USAF Academy,CO,39.01096,-104.89136
128391,Western Colorado University,Gunnison,CO,38.54994,-106.91913
128498,Albertus Magnus College,New Haven,CT,41.33252,-72.92385
128586,Bais Binyomin Academy,Monsey,NY,41.12301,-74.07880
128744,University of Bridgeport,Bridgeport,CT,41.16474,-73.19017
128771,Central Connecticut State University,New Britain,CT,41.69250,-72.76599
128780,Charter Oak State College,New Britain,CT,41.66685,-72.78124
128902,Connecticut College,New London,CT,41.37983,-72.10732
129020,University of Connecticut,Storrs,CT,41.80910,-72.24995
129154,Goodwin University,East Hartford,CT,41.74298,-72.64032
129215,Eastern Connecticut State University,Willimantic,CT,41.72167,-72.21875
129242,Fairfield University,Fairfield,CT,41.15767,-73.25590
129491,Hartford International University for Religion and Peace,Hartford,CT,41.76986,-72.70777
129525,University of Hartford,West Hartford,CT,41.79859,-72.71521
129534,Holy Apostles College and Seminary,Cromwell,CT,41.60682,-72.64785
129774,Mitchell College,New London,CT,41.32801,-72.09523
129941,University of New Haven,West Haven,CT,41.29131,-72.96147
130183,Post University,Waterbury,CT,41.53555,-73.08150
130226,Quinnipiac University,Hamden,CT,41.41892,-72.89412
130253,Sacred Heart University,Fairfield,CT,41.22089,-73.24333
130314,University of Saint Joseph,West Hartford,CT,41.78104,-72.72965
130493,Southern Connecticut State University,New Haven,CT,41.33323,-72.94790
130590,Trinity College,Hartford,CT,41.74745,-72.69088
130624,United States Coast Guard Academy,New London,CT,41.37582,-72.10158
130697,Wesleyan University,Middletown,CT,41.55467,-72.65715
130776,Western Connecticut State University,Danbury,CT,41.40037,-73.44426
130794,Yale University,New Haven,CT,41.31116,-72.92669
130907,Delaware Technical Community College-Terry,Dover,DE,39.19837,-75.56012
130934,Delaware State University,Dover,DE,39.18717,-75.54053
130943,University of Delaware,Newark,DE,39.67958,-75.75282
130989,Goldey-Beacom College,Wilmington,DE,39.74150,-75.68962
131113,Wilmington University,New Castle,DE,39.68230,-75.58700
131159,American University,Washington,DC,38.93601,-77.08887
131283,The Catholic University of America,Washington,DC,38.93365,-76.99791
131399,University of the District of Columbia,Washington,DC,38.94382,-77.06625
131405,Pontifical Faculty of the Immaculate Conception at the Dominican House of Studies,Washington,DC,38.93165,-76.99872
131450,Gallaudet University,Washington,DC,38.90737,-76.99367
131469,George Washington University,Washington,DC,38.89923,-77.04836
131496,Georgetown University,Washington,DC,38.90881,-77.07346
131520,Howard University,Washington,DC,38.92239,-77.01897
131803,Strayer University-District of Columbia,Washington,DC,38.90488,-77.03413
131876,Trinity Washington University,Washington,DC,38.92740,-77.00426
131973,Wesley Theological Seminary,Washington,DC,38.93961,-77.08996
132408,Baptist University of Florida,Graceville,FL,30.96271,-85.50393
132471,Barry University,Miami,FL,25.87891,-80.19892
132602,Bethune-Cookman University,Daytona Beach,FL,29.20720,-81.03295
132657,Lynn University,Boca Raton,FL,26.38599,-80.12281
132693,Eastern Florida State College,Melbourne,FL,28.17000,-80.67078
132709,Broward College,Fort Lauderdale,FL,26.11942,-80.14183
132851,College of Central Florida,Ocala,FL,29.16608,-82.17569
132903,University of Central Florida,Orlando,FL,28.60216,-81.20089
133021,Chipola College,Marianna,FL,30.78923,-85.23139
133386,Daytona State College,Daytona Beach,FL,29.20278,-81.04951
133492,Eckerd College,Saint Petersburg,FL,27.71580,-82.68704
133508,Florida SouthWestern State College,Fort Myers,FL,26.55240,-81.88710
133526,Edward Waters University,Jacksonville,FL,30.34479,-81.68488
133553,Embry-Riddle Aeronautical University-Daytona Beach,Daytona Beach,FL,29.18990,-81.04837
133650,Florida Agricultural and Mechanical University,Tallahassee,FL,30.42850,-84.29023
133669,Florida Atlantic University,Boca Raton,FL,26.37242,-80.10298
133702,Florida State College at Jacksonville,Jacksonville,FL,30.33492,-81.65990
133711,Flagler College,Saint Augustine,FL,29.89273,-81.31489
133809,Florida College,Temple Terrace,FL,28.03494,-82.38329
133872,AdventHealth University,Orlando,FL,28.57614,-81.36769
133881,Florida Institute of Technology,Melbourne,FL,28.06577,-80.62312
133951,Florida International University,Miami,FL,25.75732,-80.37393
133960,The College of the Florida Keys,Key West,FL,24.58275,-81.74446
133979,Florida Memorial University,Miami Gardens,FL,25.91828,-80.27075
134079,Florida Southern College,Lakeland,FL,28.03244,-81.94820
134097,Florida State University,Tallahassee,FL,30.44315,-84.29506
134130,University of Florida,Gainesville,FL,29.64629,-82.34791
134237,Full Sail University,Winter Park,FL,28.59655,-81.30129
134343,Gulf Coast State College,Panama City,FL,30.18554,-85.72792
134495,Hillsborough College,Tampa,FL,27.93489,-82.45625
134510,Hobe Sound Bible College,Hobe Sound,FL,27.06630,-80.13184
134608,Indian River State College,Fort Pierce,FL,27.42416,-80.35868
134945,Jacksonville University,Jacksonville,FL,30.35323,-81.60458
135081,Keiser University-Ft Lauderdale,Fort Lauderdale,FL,26.18587,-80.16396
135160,Florida Gateway College,Lake City,FL,30.17530,-82.56790
135188,Lake-Sumter State College,Leesburg,FL,28.82865,-81.79719
135364,Luther Rice College & Seminary,Lithonia,GA,33.69813,-84.12318
135391,State College of Florida-Manatee-Sarasota,Bradenton,FL,27.43804,-82.59089
135717,Miami Dade College,Miami,FL,25.77772,-80.19086
135726,University of Miami,Coral Gables,FL,25.72126,-80.27866
136145,North Florida College,Madison,FL,30.47384,-83.42073
136172,University of North Florida,Jacksonville,FL,30.27194,-81.50914
136215,Nova Southeastern University,Fort Lauderdale,FL,26.08229,-80.24989
136233,Northwest Florida State College,Niceville,FL,30.54002,-86.47456
136330,Palm Beach Atlantic University,West Palm Beach,FL,26.70440,-80.05247
136358,Palm Beach State College,Lake Worth,FL,26.61256,-80.08653
136400,Pasco-Hernando State College,New Port Richey,FL,28.27510,-82.64673
136473,Pensacola State College,Pensacola,FL,30.47927,-87.20026
136516,Polk State College,Winter Haven,FL,28.03241,-81.71187
136701,Saint Vincent de Paul Regional Seminary,Boynton Beach,FL,26.51654,-80.12518
136774,Ringling College of Art and Design,Sarasota,FL,27.36093,-82.54780
136950,Rollins College,Winter Park,FL,28.59279,-81.34924
137032,Saint Leo University,Saint Leo,FL,28.33678,-82.25780
137078,St Petersburg College,St. Petersburg,FL,27.77326,-82.63659
137096,Santa Fe College,Gainesville,FL,29.68104,-82.43314
137209,Seminole State College of Florida,Sanford,FL,28.74548,-81.30800
137272,St. John Vianney College Seminary,Miami,FL,25.74258,-80.33741
137281,Saint Johns River State College,Palatka,FL,29.64752,-81.68139
137315,South Florida State College,Avon Park,FL,27.56974,-81.50867
137351,University of South Florida,Tampa,FL,28.06146,-82.41323
137476,St. Thomas University,Miami Gardens,FL,25.92207,-80.25327
137546,Stetson University,DeLand,FL,29.03548,-81.30075
137564,Southeastern University,Lakeland,FL,28.02973,-81.91838
137759,Tallahassee State College,Tallahassee,FL,30.44387,-84.33900
137777,Talmudic College of Florida,Miami Beach,FL,25.81200,-80.13629
137847,The University of Tampa,Tampa,FL,27.94846,-82.46483
137953,Trinity College of Jacksonville,Jacksonville,FL,30.31117,-81.79626
137962,Trinity College of Florida,Trinity,FL,28.19473,-82.67832
138187,Valencia College,Orlando,FL,28.52078,-81.46427
138275,Warner University,Lake Wales,FL,27.82575,-81.59997
138293,Webber International University,Babson Park,FL,27.83878,-81.53231
138354,University of West Florida,Pensacola,FL,30.54908,-87.21851
138558,Abraham Baldwin Agricultural College,Tifton,GA,31.48189,-83.52828
138600,Agnes Scott College,Decatur,GA,33.76927,-84.29546
138716,Albany State University,Albany,GA,31.56928,-84.14182
138761,Andrew College,Cuthbert,GA,31.77232,-84.79502
138868,Point University,West Point,GA,32.87912,-85.18493
138901,Atlanta Metropolitan State College,Atlanta,GA,33.70893,-84.40466
138929,Atlanta's John Marshall Law School,Atlanta,GA,33.76128,-84.38560
138947,Clark Atlanta University,Atlanta,GA,33.74763,-84.41258
139144,Berry College,Mount Berry,GA,34.29041,-85.18920
139153,Beulah Heights University,Atlanta,GA,33.73699,-84.35768
139199,Brenau University,Gainesville,GA,34.30312,-83.82151
139205,Brewton-Parker Christian University,Mount Vernon,GA,32.18572,-82.58614
139250,College of Coastal Georgia,Brunswick,GA,31.18198,-81.48617
139311,Clayton  State University,Morrow,GA,33.59408,-84.32817
139348,Columbia Theological Seminary,Decatur,GA,33.76429,-84.28169
139366,Columbus State University,Columbus,GA,32.50096,-84.94106
139393,Covenant College,Lookout Mountain,GA,34.96516,-85.37507
139463,Dalton State College,Dalton,GA,34.77422,-85.00277
139579,South University-Savannah,Savannah,GA,31.99948,-81.10553
139621,East Georgia State College,Swainsboro,GA,32.59494,-82.30902
139630,Emmanuel University,Franklin Springs,GA,34.28364,-83.14822
139658,Emory University,Atlanta,GA,33.79018,-84.32551
139700,Georgia Highlands College,Rome,GA,34.16979,-85.20736
139719,Fort Valley State University,Fort Valley,GA,32.53760,-83.89537
139755,Georgia Institute of Technology-Main Campus,Atlanta,GA,33.77242,-84.39483
139764,Georgia Southwestern State University,Americus,GA,32.05466,-84.21774
139861,Georgia College & State University,Milledgeville,GA,33.08279,-83.23196
139931,Georgia Southern University,Statesboro,GA,32.42615,-81.78405
139940,Georgia State University,Atlanta,GA,33.75270,-84.38667
139959,University of Georgia,Athens,GA,33.95626,-83.37404
139968,Gordon State College,Barnesville,GA,33.04571,-84.15451
140146,Interdenominational Theological Center,Atlanta,GA,33.75234,-84.40921
140234,LaGrange College,Lagrange,GA,33.03856,-85.04311
140252,Life University,Marietta,GA,33.93278,-84.51473
140447,Mercer University,Macon,GA,32.82913,-83.64939
140553,Morehouse College,Atlanta,GA,33.74598,-84.41492
140562,Morehouse School of Medicine,Atlanta,GA,33.74289,-84.41186
140571,Morris Brown College,Atlanta,GA,33.75371,-84.40767
140696,Oglethorpe University,Atlanta,GA,33.87544,-84.33369
140720,Paine College,Augusta,GA,33.46954,-81.99322
140818,Piedmont University,Demorest,GA,34.56604,-83.54213
140872,Reinhardt University,Waleska,GA,34.31976,-84.55426
140951,Savannah College of Art and Design,Savannah,GA,32.07296,-81.09395
140960,Savannah State University,Savannah,GA,32.02478,-81.06338
140988,Shorter University,Rome,GA,34.25754,-85.19653
141060,Spelman College,Atlanta,GA,33.74528,-84.41153
141167,Thomas University,Thomasville,GA,30.81558,-83.96359
141185,Toccoa Falls College,Toccoa Falls,GA,34.59341,-83.35762
141237,Truett McConnell University,Cleveland,GA,34.59631,-83.74891
141264,Valdosta State University,Valdosta,GA,30.84740,-83.28928
141325,Wesleyan College,Macon,GA,32.87604,-83.71542
141334,University of West Georgia,Carrollton,GA,33.57362,-85.09776
141361,Young Harris College,Young Harris,GA,34.93352,-83.84587
141486,Chaminade University of Honolulu,Honolulu,HI,21.28995,-157.80785
141565,University of Hawaii at Hilo,Hilo,HI,19.70119,-155.08085
141574,University of Hawaii at Manoa,Honolulu,HI,21.29860,-157.81898
141644,Hawaii Pacific University,Honolulu,HI,21.31031,-157.85964
141839,University of Hawaii Maui College,Kahului,HI,20.88956,-156.47725
141981,University of Hawaii-West Oahu,Kapolei,HI,21.35531,-158.05640
142090,Boise Bible College,Boise,ID,43.65865,-116.29132
142115,Boise State University,Boise,ID,43.60428,-116.20330
142179,College of Eastern Idaho,Idaho Falls,ID,43.48604,-111.98552
142276,Idaho State University,Pocatello,ID,42.86383,-112.43231
142285,University of Idaho,Moscow,ID,46.72741,-117.01417
142294,The College of Idaho,Caldwell,ID,43.65228,-116.67799
142328,Lewis-Clark State College,Lewiston,ID,46.41220,-117.02487
142461,Northwest Nazarene University,Nampa,ID,43.56241,-116.56578
142522,Brigham Young University-Idaho,Rexburg,ID,43.81841,-111.78243
142559,College of Southern Idaho,Twin Falls,ID,42.57984,-114.47390
142832,Adler University,Chicago,IL,41.88241,-87.62916
142957,American Islamic College,Chicago,IL,41.95497,-87.64690
143048,School of the Art Institute of Chicago,Chicago,IL,41.88105,-87.62576
143084,Augustana College,Rock Island,IL,41.50236,-90.55057
143118,Aurora University,Aurora,IL,41.75363,-88.34902
143233,Bethany Theological Seminary,Richmond,IN,39.82624,-84.91069
143288,Blackburn College,Carlinville,IL,39.28790,-89.87024
143297,Blessing Rieman College of Nursing and Health Sciences,Quincy,IL,39.94964,-91.35750
143358,Bradley University,Peoria,IL,40.69690,-89.61679
143659,Catholic Theological Union at Chicago,Chicago,IL,41.79789,-87.58599
143853,Midwestern University-Downers Grove,Downers Grove,IL,41.82811,-87.99834
144005,Chicago State University,Chicago,IL,41.71845,-87.60938
144014,Chicago Theological Seminary,Chicago,IL,41.78570,-87.59118
144050,University of Chicago,Chicago,IL,41.78799,-87.59954
144281,Columbia College Chicago,Chicago,IL,41.87426,-87.62467
144351,Concordia University-Chicago,River Forest,IL,41.89870,-87.80948
144740,DePaul University,Chicago,IL,41.87762,-87.62724
144883,East-West University,Chicago,IL,41.87131,-87.62479
144892,Eastern Illinois University,Charleston,IL,39.47984,-88.17566
144962,Elmhurst University,Elmhurst,IL,41.89716,-87.94537
144971,Eureka College,Eureka,IL,40.71482,-89.26962
145275,Garrett-Evangelical Theological Seminary,Evanston,IL,42.05622,-87.67550
145336,Governors State University,University Park,IL,41.44910,-87.71644
145372,Greenville University,Greenville,IL,38.89416,-89.40824
145497,Hebrew Theological College,Skokie,IL,42.01010,-87.76087
145558,Rosalind Franklin University of Medicine and Science,North Chicago,IL,42.30007,-87.85963
145600,University of Illinois Chicago,Chicago,IL,41.87184,-87.65050
145619,Benedictine University,Lisle,IL,41.77757,-88.09731
145628,Illinois College of Optometry,Chicago,IL,41.83545,-87.62302
145637,University of Illinois Urbana-Champaign,Champaign,IL,40.10472,-88.22911
145646,Illinois Wesleyan University,Bloomington,IL,40.48990,-88.99201
145691,Illinois College,Jacksonville,IL,39.73130,-90.24617
145725,Illinois Institute of Technology,Chicago,IL,41.83130,-87.62732
145813,Illinois State University,Normal,IL,40.50940,-88.99006
145886,Institute for Clinical Social Work,Chicago,IL,41.97241,-87.66281
146339,Judson University,Elgin,IL,42.06175,-88.29134
146427,Knox College,Galesburg,IL,40.94306,-90.37316
146481,Lake Forest College,Lake Forest,IL,42.24957,-87.82745
146490,Lake Forest Graduate School of Management,Lake Forest,IL,42.24343,-87.89320
146533,Lakeview College of Nursing,Danville,IL,40.13855,-87.64438
146612,Lewis University,Romeoville,IL,41.60543,-88.07903
146719,Loyola University Chicago,Chicago,IL,42.00077,-87.65687
146728,Lutheran School of Theology at Chicago,Chicago,IL,41.79789,-87.58599
146755,Trinity College of Nursing & Health Sciences,Rock Island,IL,41.48492,-90.56886
146977,McCormick Theological Seminary,Chicago,IL,41.79789,-87.58599
147013,McKendree University,Lebanon,IL,38.60815,-89.81682
147031,Meadville Theological School of Lombard College,Chicago,IL,41.88545,-87.62671
147129,Methodist College,Peoria,IL,40.78040,-89.68286
147244,Millikin University,Decatur,IL,39.84261,-88.97630
147341,Monmouth College,Monmouth,IL,40.91482,-90.63731
147369,Moody Bible Institute,Chicago,IL,41.89782,-87.63346
147536,National Louis University,Chicago,IL,41.88009,-87.62470
147590,National University of Health Sciences,Lombard,IL,41.86170,-88.01317
147660,North Central College,Naperville,IL,41.77576,-88.14279
147679,North Park University,Chicago,IL,41.97527,-87.70995
147697,Northern Baptist Theological Seminary,Lisle,IL,41.80910,-88.05616
147703,Northern Illinois University,Dekalb,IL,41.93387,-88.76643
147767,Northwestern University,Evanston,IL,42.05036,-87.67986
147776,Northeastern Illinois University,Chicago,IL,41.98040,-87.71898
147828,Olivet Nazarene University,Bourbonnais,IL,41.15524,-87.87516
148016,Principia College,Elsah,IL,38.94884,-90.35028
148131,Quincy University,Quincy,IL,39.93890,-91.38597
148405,Rockford University,Rockford,IL,42.27064,-89.01954
148487,Roosevelt University,Chicago,IL,41.87606,-87.62495
148496,Dominican University,River Forest,IL,41.90268,-87.82300
148511,Rush University,Chicago,IL,41.87474,-87.66858
148575,Saint Francis Medical Center College of Nursing,Peoria,IL,40.70124,-89.59032
148584,University of St Francis,Joliet,IL,41.53222,-88.09606
148593,St. John's College,Springfield,IL,39.80760,-89.64532
148627,Saint Xavier University,Chicago,IL,41.70720,-87.71475
148654,University of Illinois Springfield,Springfield,IL,39.72952,-89.61680
148885,University of Saint Mary of the Lake,Mundelein,IL,42.28070,-88.00026
148982,Spertus College,Chicago,IL,41.87388,-87.62478
149028,Saint Anthony College of Nursing,Rockford,IL,42.31015,-88.99197
149222,Southern Illinois University-Carbondale,Carbondale,IL,37.71419,-89.21727
149231,Southern Illinois University Edwardsville,Edwardsville,IL,38.79395,-89.99778
149329,Telshe Yeshiva-Chicago,Chicago,IL,41.97554,-87.71755
149505,Trinity Christian College,Palos Heights,IL,41.66769,-87.78397
149514,Trinity International University-Illinois,Deerfield,IL,42.19795,-87.88085
149639,VanderCook College of Music,Chicago,IL,41.83683,-87.62914
149772,Western Illinois University,Macomb,IL,40.46809,-90.68690
149781,Wheaton College,Wheaton,IL,41.87018,-88.09964
150066,Anderson University,Anderson,IN,40.11277,-85.66431
150136,Ball State University,Muncie,IN,40.20343,-85.40904
150145,Bethel University,Mishawaka,IN,41.67840,-86.19469
150163,Butler University,Indianapolis,IN,39.83740,-86.17217
150172,Calumet College of Saint Joseph,Whiting,IN,41.67101,-87.49412
150215,Christian Theological Seminary,Indianapolis,IN,39.83267,-86.17855
150288,Concordia Theological Seminary,Fort Wayne,IN,41.13932,-85.10994
150400,DePauw University,Greencastle,IN,39.64090,-86.86036
150455,Earlham College,Richmond,IN,39.82343,-84.91504
150534,University of Evansville,Evansville,IN,37.97155,-87.53164
150604,Franklin College,Franklin,IN,39.47830,-86.04718
150668,Goshen College,Goshen,IN,41.56358,-85.82779
150677,Grace College and Theological Seminary,Winona Lake,IN,41.22595,-85.81423
150756,Hanover College,Hanover,IN,38.71564,-85.46005
150774,Holy Cross College,Notre Dame,IN,41.69900,-86.25382
150941,Huntington University,Huntington,IN,40.89815,-85.49732
151102,Purdue University Fort Wayne,Fort Wayne,IN,41.11728,-85.10896
151111,Indiana University-Indianapolis,Indianapolis,IN,39.77295,-86.17222
151263,University of Indianapolis,Indianapolis,IN,39.70957,-86.13397
151290,Indiana Institute of Technology,Fort Wayne,IN,41.07837,-85.11648
151306,University of Southern Indiana,Evansville,IN,37.96237,-87.67721
151324,Indiana State University,Terre Haute,IN,39.46907,-87.40785
151333,Indiana University-Kokomo,Kokomo,IN,40.46006,-86.13205
151342,Indiana University-South Bend,South Bend,IN,41.66532,-86.22199
151351,Indiana University-Bloomington,Bloomington,IN,39.16609,-86.52656
151360,Indiana University-Northwest,Gary,IN,41.55732,-87.33725
151379,Indiana University-Southeast,New Albany,IN,38.34519,-85.81998
151388,Indiana University-East,Richmond,IN,39.86871,-84.88192
151777,Manchester University,North Manchester,IN,41.01154,-85.76225
151786,Marian University,Indianapolis,IN,39.81323,-86.20264
151801,Indiana Wesleyan University-Marion,Marion,IN,40.51794,-85.66750
151865,Anabaptist Mennonite Biblical Seminary,Elkhart,IN,41.65601,-85.97216
151962,Mid-America College of Funeral Service,Jeffersonville,IN,38.31209,-85.74470
152080,University of Notre Dame,Notre Dame,IN,41.70306,-86.23896
152099,Oakland City University,Oakland City,IN,38.34089,-87.35144
152318,Rose-Hulman Institute of Technology,Terre Haute,IN,39.48360,-87.32675
152336,University of Saint Francis-Fort Wayne,Fort Wayne,IN,41.08720,-85.17725
152381,Saint Mary-of-the-Woods College,Saint Mary of the Woods,IN,39.50855,-87.46379
152390,Saint Mary's College,Notre Dame,IN,41.70727,-86.25695
152451,Saint Meinrad School of Theology,St. Meinrad,IN,38.16555,-86.81039
152530,Taylor University,Upland,IN,40.45625,-85.49703
152567,Trine University,Angola,IN,41.63250,-85.00801
152600,Valparaiso University,Valparaiso,IN,41.46224,-87.04017
152637,Vincennes University,Vincennes,IN,38.68632,-87.52341
152673,Wabash College,Crawfordsville,IN,40.03759,-86.90600
152798,Allen College,Waterloo,IA,42.53008,-92.34015
152992,Briar Cliff University,Sioux City,IA,42.52644,-96.42844
153001,Buena Vista University,Storm Lake,IA,42.64226,-95.20853
153108,Central College,Pella,IA,41.40154,-92.92220
153126,Clarke University,Dubuque,IA,42.50948,-90.69049
153144,Coe College,Cedar Rapids,IA,41.98826,-91.65819
153162,Cornell College,Mount Vernon,IA,41.92455,-91.42374
153241,Divine Word College,Epworth,IA,42.44172,-90.93458
153250,Dordt University,Sioux Center,IA,43.08253,-96.16656
153269,Drake University,Des Moines,IA,41.60129,-93.65216
153278,University of Dubuque,Dubuque,IA,42.49726,-90.69343
153302,Emmaus Bible College,Dubuque,IA,42.50831,-90.70601
153320,Faith Baptist Bible College and Theological Seminary,Ankeny,IA,41.73708,-93.62442
153366,Graceland University-Lamoni,Lamoni,IA,40.61597,-93.92489
153375,Grand View University,Des Moines,IA,41.62004,-93.60095
153384,Grinnell College,Grinnell,IA,41.74795,-92.72209
153427,Orion Technical College,Davenport,IA,41.56056,-90.52833
153603,Iowa State University,Ames,IA,42.02621,-93.64850
153658,University of Iowa,Iowa City,IA,41.66194,-91.53642
153825,Loras College,Dubuque,IA,42.50391,-90.67902
153834,Luther College,Decorah,IA,43.31230,-91.80281
153861,Maharishi International University,Fairfield,IA,41.01778,-91.96731
153977,Mercy College of Health Sciences,Des Moines,IA,41.59456,-93.62624
154004,Morningside University,Sioux City,IA,42.47389,-96.35946
154013,Mount Mercy University,Cedar Rapids,IA,42.00193,-91.65099
154022,The University of Arizona Global Campus,Chandler,AZ,32.82730,-117.14196
154095,University of Northern Iowa,Cedar Falls,IA,42.51492,-92.45970
154101,Northwestern College,Orange City,IA,42.99901,-96.05877
154156,Des Moines University-Osteopathic Medical Center,West Des Moines,IA,41.54124,-93.81733
154174,Palmer College of Chiropractic,Davenport,IA,41.52902,-90.57461
154235,Saint Ambrose University,Davenport,IA,41.54065,-90.57985
154262,St Luke's College,Sioux City,IA,42.52008,-96.40472
154350,Simpson College,Indianola,IA,41.36550,-93.56347
154493,Upper Iowa University,Fayette,IA,42.83828,-91.79954
154518,Waldorf University,Forest City,IA,43.26292,-93.64171
154527,Wartburg College,Waverly,IA,42.72770,-92.48339
154536,Wartburg Theological Seminary,Dubuque,IA,42.48576,-90.69122
154590,William Penn University,Oskaloosa,IA,41.31011,-92.64709
154688,Baker University,Baldwin City,KS,38.77871,-95.18735
154712,Benedictine College,Atchison,KS,39.57308,-95.11386
154721,Bethany College,Lindsborg,KS,38.58060,-97.67367
154749,Bethel College-North Newton,North Newton,KS,38.07517,-97.34326
154855,Central Christian College of Kansas,McPherson,KS,38.35798,-97.66860
155007,Donnelly College,Kansas City,KS,39.11235,-94.64983
155025,Emporia State University,Emporia,KS,38.41478,-96.17902
155061,Fort Hays State University,Hays,KS,38.87216,-99.34250
155070,Barclay College,Haviland,KS,37.62012,-99.10535
155089,Friends University,Wichita,KS,37.67846,-97.36705
155140,Haskell Indian Nations University,Lawrence,KS,38.93883,-95.23288
155177,Hesston College,Hesston,KS,38.13456,-97.43388
155283,Concorde Career College-Kansas City,Kansas City,MO,38.93610,-94.60258
155308,Kansas Christian College,Overland Park,KS,38.99485,-94.66688
155317,University of Kansas,Lawrence,KS,38.95855,-95.24757
155335,Newman University,Wichita,KS,37.67264,-97.37768
155399,Kansas State University,Manhattan,KS,39.18865,-96.58108
155414,Kansas Wesleyan University,Salina,KS,38.81380,-97.60797
155496,Manhattan Christian College,Manhattan,KS,39.18481,-96.57938
155511,McPherson College,McPherson,KS,38.37142,-97.64300
155520,MidAmerica Nazarene University,Olathe,KS,38.87524,-94.78153
155627,Ottawa University-Ottawa,Ottawa,KS,38.60317,-95.26419
155681,Pittsburg State University,Pittsburg,KS,37.39207,-94.70247
155812,University of Saint Mary,Leavenworth,KS,39.27940,-94.90674
155900,Southwestern College,Winfield,KS,37.24861,-96.97540
155937,Sterling College,Sterling,KS,38.21994,-98.20864
155973,Tabor College,Hillsboro,KS,38.34858,-97.19977
156082,Washburn University,Topeka,KS,39.03378,-95.70222
156125,Wichita State University,Wichita,KS,37.71888,-97.29236
156189,Alice Lloyd College,Pippa Passes,KY,37.33509,-82.87507
156213,Asbury University,Wilmore,KY,37.86203,-84.66261
156222,Asbury Theological Seminary,Wilmore,KY,37.86156,-84.66013
156286,Bellarmine University,Louisville,KY,38.21928,-85.70500
156295,Berea College,Berea,KY,37.57202,-84.29289
156356,Brescia University,Owensboro,KY,37.76904,-87.11164
156365,Campbellsville University,Campbellsville,KY,37.34334,-85.34894
156408,Centre College,Danville,KY,37.64571,-84.77939
156417,Clear Creek Baptist Bible College,Pineville,KY,36.72524,-83.72770
156471,Galen College of Nursing-Louisville,Louisville,KY,38.28133,-85.49904
156541,University of the Cumberlands,Williamsburg,KY,36.73705,-84.16165
156620,Eastern Kentucky University,Richmond,KY,37.74085,-84.30080
156727,Frontier Nursing University,Versailles,KY,38.05102,-84.69279
156745,Georgetown College,Georgetown,KY,38.20761,-84.55377
157021,American National University-Louisville,Louisville,KY,37.47242,-82.52821
157030,Kentucky Mountain Bible College,Jackson,KY,37.60344,-83.43876
157058,Kentucky State University,Frankfort,KY,38.20143,-84.85540
157076,Kentucky Wesleyan College,Owensboro,KY,37.74449,-87.11966
157085,University of Kentucky,Lexington,KY,38.03891,-84.50475
157100,Kentucky Christian University,Grayson,KY,38.33881,-82.94556
157207,Lexington Theological Seminary,Lexington,KY,37.99633,-84.52608
157216,Lindsey Wilson University,Columbia,KY,37.10150,-85.30000
157289,University of Louisville,Louisville,KY,38.21686,-85.76041
157298,Louisville Presbyterian Theological Seminary,Louisville,KY,38.23706,-85.68641
157377,Midway University,Midway,KY,38.14613,-84.67814
157386,Morehead State University,Morehead,KY,38.18677,-83.43402
157401,Murray State University,Murray,KY,36.61242,-88.32363
157447,Northern Kentucky University,Highland Heights,KY,39.02971,-84.46348
157535,University of Pikeville,Pikeville,KY,37.47923,-82.52106
157748,The Southern Baptist Theological Seminary,Louisville,KY,38.24822,-85.68765
157757,Spalding University,Louisville,KY,38.24241,-85.75772
157793,Sullivan University,Louisville,KY,38.21282,-85.67049
157809,Thomas More University,Crestview Hills,KY,39.02296,-84.56892
157818,Transylvania University,Lexington,KY,38.05298,-84.49320
157863,Union Commonwealth University,Barbourville,KY,36.87088,-83.88848
157951,Western Kentucky University,Bowling Green,KY,36.98504,-86.45683
158477,Centenary College of Louisiana,Shreveport,LA,32.48333,-93.73083
158802,Dillard University,New Orleans,LA,29.99659,-90.06464
159009,Grambling State University,Grambling,LA,32.52380,-92.71324
159373,Louisiana State University Health Sciences Center-New Orleans,New Orleans,LA,29.95727,-90.08314
159382,Louisiana State University at Alexandria,Alexandria,LA,31.17862,-92.41441
159391,Louisiana State University and Agricultural & Mechanical College,Baton Rouge,LA,30.41499,-91.17892
159416,Louisiana State University-Shreveport,Shreveport,LA,32.42847,-93.70561
159568,Louisiana Christian University,Pineville,LA,31.32453,-92.42597
159647,Louisiana Tech University,Ruston,LA,32.52830,-92.64996
159656,Loyola University New Orleans,New Orleans,LA,29.93614,-90.12042
159717,McNeese State University,Lake Charles,LA,30.17819,-93.21722
159939,University of New Orleans,New Orleans,LA,30.02770,-90.06714
159948,New Orleans Baptist Theological Seminary,New Orleans,LA,30.00434,-90.04344
159966,Nicholls State University,Thibodaux,LA,29.79449,-90.80157
159993,University of Louisiana at Monroe,Monroe,LA,32.52775,-92.07374
160038,Northwestern State University of Louisiana,Natchitoches,LA,31.75067,-93.09780
160065,University of Holy Cross,New Orleans,LA,29.91200,-89.99445
160074,Franciscan Missionaries of Our Lady University,Baton Rouge,LA,30.40138,-91.11059
160409,Saint Joseph Seminary College,St. Benedict,LA,30.52678,-90.11362
160612,Southeastern Louisiana University,Hammond,LA,30.51465,-90.46868
160621,Southern University and A & M College,Baton Rouge,LA,30.52456,-91.19010
160630,Southern University at New Orleans,New Orleans,LA,30.02616,-90.04491
160658,University of Louisiana at Lafayette,Lafayette,LA,30.21219,-92.02016
160755,Tulane University of Louisiana,New Orleans,LA,29.94007,-90.12214
160904,Xavier University of Louisiana,New Orleans,LA,29.96416,-90.10731
160959,College of the Atlantic,Bar Harbor,ME,44.39526,-68.22152
160977,Bates College,Lewiston,ME,44.10530,-70.20333
160995,Beal University,Bangor,ME,44.78647,-68.78543
161004,Bowdoin College,Brunswick,ME,43.90713,-69.96394
161022,Maine College of Health Professions,Lewiston,ME,44.10046,-70.21732
161086,Colby College,Waterville,ME,44.56421,-69.66337
161217,University of Maine at Augusta,Augusta,ME,44.33775,-69.79640
161226,University of Maine at Farmington,Farmington,ME,44.66691,-70.14712
161235,University of Maine at Fort Kent,Fort Kent,ME,47.25039,-68.58932
161253,University of Maine,Orono,ME,44.89926,-68.66933
161299,Maine Maritime Academy,Castine,ME,44.38965,-68.80435
161341,University of Maine at Presque Isle,Presque Isle,ME,46.67229,-68.01634
161457,University of New England,Biddeford,ME,43.45859,-70.38535
161509,Maine College of Art & Design,Portland,ME,43.65574,-70.26101
161518,Saint Joseph's College of Maine,Standish,ME,43.82631,-70.48337
161554,University of Southern Maine,Portland,ME,43.66286,-70.27425
161563,Thomas College,Waterville,ME,44.52491,-69.66473
161572,Unity Environmental University,New Gloucester,ME,43.90575,-70.25728
161873,University of Baltimore,Baltimore,MD,39.30583,-76.61659
162007,Bowie State University,Bowie,MD,39.01819,-76.75972
162061,Capitol Technology University,Laurel,MD,39.04667,-76.85023
162210,Washington Adventist University,Takoma Park,MD,38.98635,-77.00061
162283,Coppin State University,Baltimore,MD,39.31126,-76.65869
162584,Frostburg State University,Frostburg,MD,39.65092,-78.93429
162654,Goucher College,Baltimore,MD,39.41018,-76.59484
162760,Hood College,Frederick,MD,39.42063,-77.41905
162928,Johns Hopkins University,Baltimore,MD,39.32898,-76.62159
163046,Loyola University Maryland,Baltimore,MD,39.34636,-76.62187
163204,University of Maryland Global Campus,Adelphi,MD,38.91271,-76.84758
163259,University of Maryland Baltimore,Baltimore,MD,39.28686,-76.62398
163268,University of Maryland-Baltimore County,Baltimore,MD,39.25669,-76.71161
163286,University of Maryland-College Park,College Park,MD,38.98818,-76.94472
163295,Maryland Institute College of Art,Baltimore,MD,39.30879,-76.62103
163338,University of Maryland Eastern Shore,Princess Anne,MD,38.20739,-75.68685
163453,Morgan State University,Baltimore,MD,39.34416,-76.58556
163462,Mount St. Mary's University,Emmitsburg,MD,39.68171,-77.35189
163532,Ner Israel Rabbinical College,Pikesville,MD,39.38802,-76.75353
163578,Notre Dame of Maryland University,Baltimore,MD,39.35061,-76.61974
163851,Salisbury University,Salisbury,MD,38.34648,-75.60481
163912,St. Mary's College of Maryland,St. Mary's City,MD,38.18805,-76.43099
163976,St. John's College,Annapolis,MD,38.98160,-76.49136
164076,Towson University,Towson,MD,39.39362,-76.61116
164155,United States Naval Academy,Annapolis,MD,38.98051,-76.48169
164173,Stevenson University,Owings Mills,MD,39.42641,-76.77581
164216,Washington College,Chestertown,MD,39.21733,-76.06878
164270,McDaniel College,Westminster,MD,39.58423,-77.00199
164368,Hult International Business School,Cambridge,MA,42.36997,-71.07064
164447,American International College,Springfield,MA,42.11235,-72.55834
164465,Amherst College,Amherst,MA,42.37246,-72.51849
164492,Anna Maria College,Paxton,MA,42.33054,-71.91896
164562,Assumption University,Worcester,MA,42.29423,-71.82899
164580,Babson College,Wellesley,MA,42.29702,-71.26406
164614,Boston Baptist College,Boston,MA,42.25404,-71.11030
164632,Bay Path University,Longmeadow,MA,42.05509,-72.58338
164739,Bentley University,Waltham,MA,42.38600,-71.22284
164748,Berklee College of Music,Boston,MA,42.34665,-71.08940
164872,Boston Architectural College,Boston,MA,42.34847,-71.08579
164915,Boston Graduate School of Psychoanalysis Inc,Brookline,MA,42.33912,-71.13315
164924,Boston College,Chestnut Hill,MA,42.33621,-71.16924
164988,Boston University,Boston,MA,42.35112,-71.10794
165015,Brandeis University,Waltham,MA,42.36573,-71.26015
165024,Bridgewater State University,Bridgewater,MA,41.98749,-70.97455
165167,Cambridge College,Boston,MA,42.38109,-71.07265
165264,Laboure College of Healthcare,Milton,MA,42.26087,-71.05828
165334,Clark University,Worcester,MA,42.24999,-71.82336
165495,Conway School of Landscape Design,Northampton,MA,42.31386,-72.64875
165529,Curry College,Milton,MA,42.23806,-71.11654
165574,Dean College,Franklin,MA,42.08563,-71.39781
165662,Emerson College,Boston,MA,42.35220,-71.06538
165671,Emmanuel College,Boston,MA,42.34060,-71.10363
165699,Endicott College,Beverly,MA,42.55330,-70.84085
165802,Fisher College,Boston,MA,42.35525,-71.07412
165820,Fitchburg State University,Fitchburg,MA,42.58830,-71.78967
165866,Framingham State University,Framingham,MA,42.29712,-71.43757
165884,Benjamin Franklin Cummings Institute of Technology,Boston,MA,42.34602,-71.07023
165936,Gordon College,Wenham,MA,42.59057,-70.82151
165945,Gordon-Conwell Theological Seminary,South Hamilton,MA,42.61348,-70.84639
166018,Hampshire College,Amherst,MA,42.32585,-72.53147
166027,Harvard University,Cambridge,MA,42.37447,-71.11831
166045,Hebrew College,Newton,MA,42.33572,-71.24123
166054,Hellenic College-Holy Cross Greek Orthodox School of Theology,Brookline,MA,42.31702,-71.12942
166124,College of the Holy Cross,Worcester,MA,42.23752,-71.80821
166391,Lasell University,Newton,MA,42.34215,-71.24347
166452,Lesley University,Cambridge,MA,42.38012,-71.11730
166513,University of Massachusetts-Lowell,Lowell,MA,42.65286,-71.32681
166629,University of Massachusetts-Amherst,Amherst,MA,42.38600,-72.52673
166638,University of Massachusetts-Boston,Boston,MA,42.31288,-71.03687
166656,Massachusetts College of Pharmacy and Health Sciences,Boston,MA,42.33683,-71.10124
166674,Massachusetts College of Art and Design,Boston,MA,42.33686,-71.09928
166683,Massachusetts Institute of Technology,Cambridge,MA,42.35924,-71.09323
166692,Massachusetts Maritime Academy,Buzzards Bay,MA,41.73907,-70.62408
166708,University of Massachusetts Chan Medical School,Worcester,MA,42.27800,-71.76214
166717,William James College,Newton,MA,42.29500,-71.20326
166850,Merrimack College,North Andover,MA,42.66834,-71.12422
166869,MGH Institute of Health Professions,Boston,MA,42.37502,-71.05400
166911,Montserrat College of Art,Beverly,MA,42.55021,-70.87613
166939,Mount Holyoke College,South Hadley,MA,42.25489,-72.57392
167057,The New England Conservatory of Music,Boston,MA,42.34095,-71.08629
167093,New England College of Optometry,Boston,MA,42.35185,-71.08683
167215,New England Law-Boston,Boston,MA,42.35083,-71.06650
167260,Nichols College,Dudley,MA,42.04403,-71.93028
167288,Massachusetts College of Liberal Arts,North Adams,MA,42.69136,-73.10282
167358,Northeastern University,Boston,MA,42.33999,-71.08878
167394,College of Our Lady of the Elms,Chicopee,MA,42.14178,-72.60154
167525,Quincy College,Quincy,MA,42.25242,-71.00348
167598,Regis College,Weston,MA,42.35129,-71.31056
167677,Saint John's Seminary,Brighton,MA,42.34415,-71.16200
167729,Salem State University,Salem,MA,42.50358,-70.89023
167783,Simmons University,Boston,MA,42.33930,-71.09997
167835,Smith College,Northampton,MA,42.31811,-72.63810
167899,Springfield College,Springfield,MA,42.10220,-72.55665
167987,University of Massachusetts-Dartmouth,North Dartmouth,MA,41.62869,-71.00455
167996,Stonehill College,Easton,MA,42.05905,-71.08063
168005,Suffolk University,Boston,MA,42.35795,-71.06092
168148,Tufts University,Medford,MA,42.40855,-71.11829
168218,Wellesley College,Wellesley,MA,42.29155,-71.30661
168227,Wentworth Institute of Technology,Boston,MA,42.33663,-71.09498
168254,Western New England University,Springfield,MA,42.11502,-72.52047
168263,Westfield State University,Westfield,MA,42.13270,-72.79650
168281,Wheaton College (Massachusetts),Norton,MA,41.96664,-71.18398
168342,Williams College,Williamstown,MA,42.71273,-73.20313
168421,Worcester Polytechnic Institute,Worcester,MA,42.27485,-71.80834
168430,Worcester State University,Worcester,MA,42.26753,-71.84402
168528,Adrian College,Adrian,MI,41.89859,-84.06148
168546,Albion College,Albion,MI,42.24505,-84.74564
168591,Alma College,Alma,MI,43.38004,-84.67205
168607,Alpena Community College,Alpena,MI,45.08165,-83.44507
168740,Andrews University,Berrien Springs,MI,41.96386,-86.35581
168786,Aquinas College,Grand Rapids,MI,42.96019,-85.62878
168847,Baker College,Owosso,MI,42.98480,-84.17240
169080,Calvin University,Grand Rapids,MI,42.92992,-85.58755
169099,Calvin Theological Seminary,Grand Rapids,MI,42.92795,-85.58644
169220,Michigan School of Psychology,Farmington Hills,MI,42.49143,-83.35958
169248,Central Michigan University,Mount Pleasant,MI,43.59120,-84.77525
169327,Cleary University,Howell,MI,42.58664,-83.87999
169424,Cranbrook Academy of Art,Bloomfield Hills,MI,42.56890,-83.25068
169442,College for Creative Studies,Detroit,MI,42.36184,-83.06235
169479,Davenport University,Grand Rapids,MI,42.85001,-85.53352
169716,University of Detroit Mercy,Detroit,MI,42.41422,-83.13916
169798,Eastern Michigan University,Ypsilanti,MI,42.25168,-83.62744
169910,Ferris State University,Big Rapids,MI,43.68772,-85.48192
169983,Kettering University,Flint,MI,43.01247,-83.71282
170000,Grace Christian University,Wyoming,MI,42.91954,-85.69208
170037,Cornerstone University,Grand Rapids,MI,42.97997,-85.59533
170082,Grand Valley State University,Allendale,MI,42.96300,-85.88983
170091,Great Lakes Christian College,Lansing,MI,42.75425,-84.63871
170240,Henry Ford College,Dearborn,MI,42.32464,-83.23606
170286,Hillsdale College,Hillsdale,MI,41.93368,-84.63319
170301,Hope College,Holland,MI,42.78725,-86.10097
170532,Kalamazoo College,Kalamazoo,MI,42.29079,-85.60186
170639,Lake Superior State University,Sault Ste Marie,MI,46.49285,-84.36557
170675,Lawrence Technological University,Southfield,MI,42.47407,-83.25003
170806,Madonna University,Livonia,MI,42.38432,-83.40472
170967,Rochester Christian University,Rochester Hills,MI,42.66752,-83.14496
170976,University of Michigan-Ann Arbor,Ann Arbor,MI,42.27837,-83.73481
171100,Michigan State University,East Lansing,MI,42.73212,-84.47611
171128,Michigan Technological University,Houghton,MI,47.11866,-88.54809
171137,University of Michigan-Dearborn,Dearborn,MI,42.31729,-83.23142
171146,University of Michigan-Flint,Flint,MI,43.01875,-83.69028
171456,Northern Michigan University,Marquette,MI,46.55975,-87.40657
171483,Northwestern Michigan College,Traverse City,MI,44.76544,-85.58552
171492,Northwood University,Midland,MI,43.62872,-84.27682
171571,Oakland University,Rochester Hills,MI,42.67457,-83.21642
171599,The University of Olivet,Olivet,MI,42.44289,-84.92389
171881,Kuyper College,Grand Rapids,MI,43.02195,-85.59266
172033,Sacred Heart Major Seminary,Detroit,MI,42.37525,-83.11168
172051,Saginaw Valley State University,University Center,MI,43.51176,-83.96427
172200,Schoolcraft Community College District,Livonia,MI,42.41928,-83.43096
172264,Siena Heights University,Adrian,MI,41.90562,-84.01884
172334,Spring Arbor University,Spring Arbor,MI,42.20657,-84.55607
172477,Thomas M Cooley Law School,Lansing,MI,42.73100,-84.55443
172608,Walsh College,Troy,MI,42.57389,-83.14720
172644,Wayne State University,Detroit,MI,42.35899,-83.06900
172699,Western Michigan University,Kalamazoo,MI,42.28219,-85.61376
172705,Western Theological Seminary,Holland,MI,42.78625,-86.10324
172866,Academy College,Bloomington,MN,44.85572,-93.29981
173045,Augsburg University,Minneapolis,MN,44.96631,-93.24044
173124,Bemidji State University,Bemidji,MN,47.48234,-94.87412
173142,Bethany Lutheran College,Mankato,MN,44.16665,-93.99080
173160,Bethel University,Saint Paul,MN,45.05766,-93.16166
173258,Carleton College,Northfield,MN,44.46232,-93.15467
173300,Concordia College at Moorhead,Moorhead,MN,46.86248,-96.76749
173328,Concordia University-Saint Paul,Saint Paul,MN,44.94976,-93.15486
173452,Martin Luther College,New Ulm,MN,44.30526,-94.47233
173647,Gustavus Adolphus College,Saint Peter,MN,44.32363,-93.97220
173665,Hamline University,Saint Paul,MN,44.96625,-93.16448
173683,Hazelden Betty Ford Graduate School,Center City,MN,45.37532,-92.80528
173896,Luther Seminary,Saint Paul,MN,44.98463,-93.19642
173902,Macalester College,Saint Paul,MN,44.93857,-93.16805
173920,Minnesota State University-Mankato,Mankato,MN,44.14671,-93.99945
173957,Mayo Clinic College of Medicine and Science,Rochester,MN,44.02215,-92.46643
174020,Metropolitan State University,Saint Paul,MN,44.95726,-93.07436
174066,University of Minnesota-Twin Cities,Minneapolis,MN,44.97285,-93.23546
174075,University of Minnesota-Crookston,Crookston,MN,47.80254,-96.60619
174127,Minneapolis College of Art and Design,Minneapolis,MN,44.95699,-93.27470
174233,University of Minnesota-Duluth,Duluth,MN,46.81713,-92.08438
174251,University of Minnesota-Morris,Morris,MN,45.58978,-95.89973
174358,Minnesota State University Moorhead,Moorhead,MN,46.86715,-96.75953
174437,North Central University,Minneapolis,MN,44.96863,-93.26151
174491,University of Northwestern-St Paul,Saint Paul,MN,45.03370,-93.16782
174507,Northwestern Health Sciences University,Bloomington,MN,44.85096,-93.31122
174525,Oak Hills Christian College,Bemidji,MN,47.42584,-94.90150
174747,College of Saint Benedict,Saint Joseph,MN,45.56179,-94.31989
174783,Saint Cloud State University,Saint Cloud,MN,45.55323,-94.15266
174792,Saint Johns University,Collegeville,MN,45.58008,-94.39362
174817,Saint Mary's University of Minnesota,Winona,MN,44.04474,-91.69545
174844,St Olaf College,Northfield,MN,44.46153,-93.18204
174862,Crown College,Saint Bonifacius,MN,44.88539,-93.74302
174899,The College of Saint Scholastica,Duluth,MN,46.81608,-92.10613
174914,University of St Thomas,Saint Paul,MN,44.94344,-93.18899
175005,St Catherine University,Saint Paul,MN,44.92493,-93.18376
175014,Rasmussen University-Minnesota,St. Cloud,MN,45.54812,-94.20625
175078,Southwest Minnesota State University,Marshall,MN,44.45373,-95.75955
175139,United Theological Seminary of the Twin Cities,St. Paul,MN,44.96291,-93.20362
175227,Dunwoody College of Technology,Minneapolis,MN,44.97281,-93.29061
175272,Winona State University,Winona,MN,44.04616,-91.64372
175281,Mitchell Hamline School of Law,Saint Paul,MN,44.94202,-93.13822
175342,Alcorn State University,Alcorn State,MS,31.87722,-91.14285
175421,Belhaven University,Jackson,MS,32.31842,-90.16923
175430,Blue Mountain Christian University,Blue Mountain,MS,34.67209,-89.02924
175616,Delta State University,Cleveland,MS,33.74475,-90.73536
175856,Jackson State University,Jackson,MS,32.29610,-90.20740
175980,Millsaps College,Jackson,MS,32.32275,-90.17996
176017,University of Mississippi,University,MS,34.36553,-89.53743
176035,Mississippi University for Women,Columbus,MS,33.49331,-88.41860
176044,Mississippi Valley State University,Itta Bena,MS,33.51414,-90.34127
176053,Mississippi Christian University,Clinton,MS,32.33552,-90.32982
176080,Mississippi State University,Mississippi State,MS,33.45485,-88.79014
176318,Rust College,Holly Springs,MS,34.77686,-89.44700
176336,Southeastern Baptist College,Laurel,MS,31.74851,-89.14937
176372,University of Southern Mississippi,Hattiesburg,MS,31.32661,-89.33124
176406,Tougaloo College,Tougaloo,MS,32.40301,-90.16076
176451,Wesley Biblical Seminary,Ridgeland,MS,32.40014,-90.11138
176479,William Carey University,Hattiesburg,MS,31.30526,-89.29181
176600,Aquinas Institute of Theology,Saint Louis,MO,38.63433,-90.23779
176628,Avila University,Kansas City,MO,38.91339,-94.59176
176664,Mission University,Springfield,MO,37.23970,-93.28429
176770,Cox College,Springfield,MO,37.22512,-93.29023
176789,Calvary University,Kansas City,MO,38.83958,-94.54793
176910,Central Christian College of the Bible,Moberly,MO,39.39596,-92.42726
176947,Central Methodist University-College of Liberal Arts and Sciences,Fayette,MO,39.15050,-92.68525
176965,University of Central Missouri,Warrensburg,MO,38.75911,-93.73743
177038,Cleveland University-Kansas City,Overland Park,KS,38.93202,-94.67908
177065,Columbia College,Columbia,MO,38.95739,-92.32635
177083,Conception Seminary College,Conception,MO,40.24044,-94.68283
177092,Concordia Seminary,Saint Louis,MO,38.63718,-90.31132
177117,Cottey College,Nevada,MO,37.83613,-94.37131
177126,Covenant Theological Seminary,Saint Louis,MO,38.64307,-90.45132
177144,Culver-Stockton College,Canton,MO,40.12899,-91.52937
177214,Drury University,Springfield,MO,37.21968,-93.28619
177278,Eden Theological Seminary,Webster Groves,MO,38.59231,-90.34560
177339,Evangel University,Springfield,MO,37.22096,-93.26261
177472,Ozarks Technical Community College,Springfield,MO,37.21648,-93.27998
177542,Hannibal-LaGrange University,Hannibal,MO,39.72901,-91.39094
177551,Harris-Stowe State University,Saint Louis,MO,38.63174,-90.22429
177719,Barnes-Jewish College Goldfarb School of Nursing,Saint Louis,MO,38.63717,-90.25877
177746,Kansas City Art Institute,Kansas City,MO,39.04635,-94.58359
177816,Kenrick Glennon Seminary,Saint Louis,MO,38.58461,-90.32402
177834,A T Still University of Health Sciences,Kirksville,MO,40.19365,-92.58918
177940,Lincoln University,Jefferson City,MO,38.56443,-92.16672
177968,Lindenwood University,Saint Charles,MO,38.78542,-90.50129
177986,Logan University,Chesterfield,MO,38.63133,-90.54233
178059,Maryville University of Saint Louis,Saint Louis,MO,38.64477,-90.50600
178208,Midwestern Baptist Theological Seminary,Kansas City,MO,39.18569,-94.57318
178244,Missouri Baptist University,Saint Louis,MO,38.64153,-90.46259
178341,Missouri Southern State University,Joplin,MO,37.09516,-94.46169
178369,Missouri Valley College,Marshall,MO,39.10852,-93.19065
178387,Missouri Western State University,Saint Joseph,MO,39.75750,-94.78564
178396,University of Missouri-Columbia,Columbia,MO,38.94531,-92.32884
178402,University of Missouri-Kansas City,Kansas City,MO,39.03418,-94.58214
178411,Missouri University of Science and Technology,Rolla,MO,37.95444,-91.77311
178420,University of Missouri-St Louis,Saint Louis,MO,38.71031,-90.31109
178518,Nazarene Theological Seminary,Kansas City,MO,39.00927,-94.56578
178615,Truman State University,Kirksville,MO,40.18827,-92.58166
178624,Northwest Missouri State University,Maryville,MO,40.35169,-94.88334
178679,Ozark Christian College,Joplin,MO,37.10317,-94.51062
178697,College of the Ozarks,Point Lookout,MO,36.61602,-93.23817
178721,Park University,Parkville,MO,39.18926,-94.67904
178767,Stevens-The Institute of Business & Arts,Saint Louis,MO,38.63292,-90.20116
178891,Ranken Technical College,Saint Louis,MO,38.65330,-90.24846
178989,Research College of Nursing,Kansas City,MO,39.00661,-94.55676
179043,Rockhurst University,Kansas City,MO,39.03232,-94.57300
179159,Saint Louis University,Saint Louis,MO,38.63680,-90.23510
179265,University of Health Sciences and Pharmacy in St. Louis,Saint Louis,MO,38.63690,-90.26062
179308,Saint Louis Community College,Bridgeton,MO,38.74568,-90.43708
179317,Saint Paul School of Theology,Leawood,KS,38.88046,-94.64128
179326,Southwest Baptist University,Bolivar,MO,37.60242,-93.40706
179548,Stephens College,Columbia,MO,38.95204,-92.31920
179557,Southeast Missouri State University,Cape Girardeau,MO,37.31111,-89.53119
179566,Missouri State University-Springfield,Springfield,MO,37.19926,-93.28128
179812,Kansas City University,Kansas City,MO,39.10755,-94.56137
179867,Washington University in St Louis,St. Louis,MO,38.64793,-90.31060
179894,Webster University,Saint Louis,MO,38.58888,-90.34515
179946,Westminster College,Fulton,MO,38.84935,-91.95527
179955,William Jewell College,Liberty,MO,39.24784,-94.41313
179964,William Woods University,Fulton,MO,38.86029,-91.95042
180054,Blackfeet Community College,Browning,MT,48.55193,-113.00939
180106,Carroll College,Helena,MT,46.60077,-112.04028
180179,Montana State University Billings,Billings,MT,45.79690,-108.52301
180203,Aaniiih Nakoda College,Harlem,MT,48.48420,-108.75782
180258,University of Providence,Great Falls,MT,47.49071,-111.27060
180416,Montana Technological University,Butte,MT,46.01287,-112.55951
180461,Montana State University,Bozeman,MT,45.66673,-111.04881
180489,The University of Montana,Missoula,MT,46.85931,-113.98291
180522,Montana State University-Northern,Havre,MT,48.54149,-109.68781
180595,Rocky Mountain College,Billings,MT,45.79652,-108.55407
180647,Salish Kootenai College,Pablo,MT,47.59859,-114.11163
180692,The University of Montana-Western,Dillon,MT,45.20831,-112.63926
180814,Bellevue University,Bellevue,NE,41.15023,-95.91764
180832,Clarkson College,Omaha,NE,41.25917,-95.97485
180878,Bryan College of Health Sciences,Lincoln,NE,40.79677,-96.65153
180948,Chadron State College,Chadron,NE,42.81990,-103.00161
180984,Concordia University-Nebraska,Seward,NE,40.91485,-97.08905
181002,Creighton University,Omaha,NE,41.26536,-95.94781
181020,Doane University,Crete,NE,40.62295,-96.95093
181127,Hastings College,Hastings,NE,40.59025,-98.37440
181145,CHI Health School of Radiologic Technology,Omaha,NE,41.32206,-96.02043
181215,University of Nebraska at Kearney,Kearney,NE,40.70145,-99.09870
181297,Nebraska Methodist College of Nursing & Allied Health,Omaha,NE,41.26597,-96.04851
181330,Midland University,Fremont,NE,41.43674,-96.48801
181394,University of Nebraska at Omaha,Omaha,NE,41.25877,-96.00852
181419,Nebraska Indian Community College,Macy,NE,42.11677,-96.35176
181428,University of Nebraska Medical Center,Omaha,NE,41.25631,-95.97397
181446,Nebraska Wesleyan University,Lincoln,NE,40.83910,-96.64831
181464,University of Nebraska-Lincoln,Lincoln,NE,40.81760,-96.70051
181534,Peru State College,Peru,NE,40.47469,-95.73273
181543,Summit Christian College,Gering,NE,41.82927,-103.67571
181604,College of Saint Mary,Omaha,NE,41.24003,-96.02142
181738,Union Adventist University,Lincoln,NE,40.77478,-96.65109
181783,Wayne State College,Wayne,NE,42.24156,-97.01512
181853,York University,York,NE,40.86953,-97.57935
182005,College of Southern Nevada,Las Vegas,NV,36.15811,-115.23310
182148,Las Vegas College,Las Vegas,NV,36.06769,-115.27539
182281,University of Nevada-Las Vegas,Las Vegas,NV,36.10605,-115.13846
182290,University of Nevada-Reno,Reno,NV,39.54364,-119.81538
182306,Great Basin College,Elko,NV,40.84343,-115.76727
182500,Truckee Meadows Community College,Reno,NV,39.57140,-119.79697
182564,Western Nevada College,Carson City,NV,39.18616,-119.79036
182634,Colby-Sawyer College,New London,NH,43.41166,-71.97580
182670,Dartmouth College,Hanover,NH,43.70412,-72.28995
182795,Franklin Pierce University,Rindge,NH,42.78014,-72.05801
182980,New England College,Henniker,NH,43.17640,-71.82228
183026,Southern New Hampshire University,Manchester,NH,43.03892,-71.45184
183044,University of New Hampshire-Main Campus,Durham,NH,43.13593,-70.93246
183062,Keene State College,Keene,NH,42.92645,-72.27928
183080,Plymouth State University,Plymouth,NH,43.75957,-71.69016
183211,Rivier University,Nashua,NH,42.73868,-71.45626
183239,Saint Anselm College,Manchester,NH,42.98689,-71.50362
183275,Thomas More College of Liberal Arts,Merrimack,NH,42.80683,-71.48437
183488,Eastwick College-Hackensack,Hackensack,NJ,40.88585,-74.04049
183789,Berkeley College-Woodland Park,Woodland Park,NJ,40.89859,-74.18948
183804,Beth Medrash Govoha,Lakewood,NJ,40.09567,-74.22133
183910,Caldwell University,Caldwell,NJ,40.83275,-74.27257
183974,Centenary University,Hackettstown,NJ,40.84764,-74.83364
184348,Drew University,Madison,NJ,40.76183,-74.42458
184603,Fairleigh Dickinson University-Metropolitan Campus,Teaneck,NJ,40.89721,-74.02899
184612,Felician University,Lodi,NJ,40.86727,-74.09645
184773,Georgian Court University,Lakewood,NJ,40.09962,-74.22819
184782,Rowan University,Glassboro,NJ,39.70911,-75.11912
184959,Eastwick College-Ramsey,Ramsey,NJ,41.05787,-74.13149
185129,New Jersey City University,Jersey City,NJ,40.70994,-74.08727
185262,Kean University,Union,NJ,40.67798,-74.23350
185572,Monmouth University,West Long Branch,NJ,40.28007,-74.00645
185590,Montclair State University,Montclair,NJ,40.86041,-74.19814
185758,New Brunswick Theological Seminary,New Brunswick,NJ,40.50131,-74.44937
185828,New Jersey Institute of Technology,Newark,NJ,40.74200,-74.17711
186122,Princeton Theological Seminary,Princeton,NJ,40.34585,-74.66645
186131,Princeton University,Princeton,NJ,40.34873,-74.65936
186186,Rabbinical College of America,Morristown,NJ,40.80571,-74.49878
186201,Ramapo College of New Jersey,Mahwah,NJ,41.08094,-74.17409
186283,Rider University,Lawrenceville,NJ,40.27880,-74.73783
186380,Rutgers University-New Brunswick,New Brunswick,NJ,40.49877,-74.44625
186432,Saint Peter's University,Jersey City,NJ,40.72711,-74.07154
186584,Seton Hall University,South Orange,NJ,40.74234,-74.24603
186618,Saint Elizabeth University,Morristown,NJ,40.78182,-74.43822
186867,Stevens Institute of Technology,Hoboken,NJ,40.74478,-74.02533
186876,Stockton University,Galloway,NJ,39.49204,-74.53109
186900,Talmudical Academy-New Jersey,Adelphia,NJ,40.21746,-74.25017
187046,Thomas Edison State University,Trenton,NJ,40.22049,-74.76856
187134,The College of New Jersey,Ewing,NJ,40.26865,-74.77879
187444,William Paterson University of New Jersey,Wayne,NJ,40.94526,-74.20025
187596,Navajo Technical University,Crownpoint,NM,35.68743,-108.14939
187648,Eastern New Mexico University-Main Campus,Portales,NM,34.17559,-103.34819
187745,Institute of American Indian and Alaska Native Culture and Arts Development,Santa Fe,NM,35.58656,-106.01001
187897,New Mexico Highlands University,Las Vegas,NM,35.59623,-105.21920
187967,New Mexico Institute of Mining and Technology,Socorro,NM,34.06704,-106.90521
187985,University of New Mexico-Main Campus,Albuquerque,NM,35.08387,-106.62015
188030,New Mexico State University-Main Campus,Las Cruces,NM,32.28157,-106.75207
188058,Northern New Mexico College,Espanola,NM,36.00407,-106.08439
188182,University of the Southwest,Hobbs,NM,32.77550,-103.18695
188207,Southwestern College,Santa Fe,NM,35.63624,-106.05258
188304,Western New Mexico University,Silver City,NM,32.77670,-108.28328
188340,Vaughn College of Aeronautics and Technology,Flushing,NY,40.76835,-73.88172
188429,Adelphi University,Garden City,NY,40.72144,-73.65332
188526,Albany College of Pharmacy and Health Sciences,Albany,NY,42.65037,-73.77906
188535,Albany Law School,Albany,NY,42.65182,-73.77749
188580,Albany Medical College,Albany,NY,42.65382,-73.77729
188641,Alfred University,Alfred,NY,42.25448,-77.78811
188854,American Musical and Dramatic Academy,New York,NY,40.77228,-73.98755
188942,Associated Beth Rivkah Schools,Brooklyn,NY,40.66603,-73.94980
189015,Bank Street College of Education,New York,NY,40.80560,-73.96664
189088,Bard College,Annandale-On-Hudson,NY,42.02039,-73.90993
189097,Barnard College,New York,NY,40.81010,-73.96335
189228,Berkeley College-New York,New York,NY,40.75399,-73.97946
189273,Beth Hamedrash Shaarei Yosher Institute,Brooklyn,NY,40.63544,-73.98120
189282,Mount Sinai Phillips School of Nursing,New York,NY,40.80478,-73.93664
189413,Boricua College,New York,NY,40.83343,-73.94580
189501,Brooklyn Law School,Brooklyn,NY,40.69184,-73.98962
189583,Bryant & Stratton College-Buffalo,Buffalo,NY,42.88720,-78.86911
189705,Canisius University,Buffalo,NY,42.92521,-78.85258
189857,Central Yeshiva Tomchei Tmimim Lubavitz,Brooklyn,NY,40.66969,-73.93878
190044,Clarkson University,Potsdam,NY,44.66272,-74.99936
190080,Colgate Rochester Crozer Divinity School,Rochester,NY,43.15978,-77.58429
190099,Colgate University,Hamilton,NY,42.81948,-75.53635
190114,Metropolitan College of New York,New York,NY,40.70871,-74.01470
190150,Columbia University in the City of New York,New York,NY,40.80829,-73.96188
190372,The Cooper Union for the Advancement of Science and Art,New York,NY,40.72815,-73.99161
190415,Cornell University,Ithaca,NY,42.44720,-76.48308
190503,Culinary Institute of America,Hyde Park,NY,41.74581,-73.93323
190512,CUNY Bernard M Baruch College,New York,NY,40.74024,-73.98342
190549,CUNY Brooklyn College,Brooklyn,NY,40.63152,-73.94990
190558,College of Staten Island CUNY,Staten Island,NY,40.60183,-74.14849
190567,CUNY City College,New York,NY,40.81985,-73.94854
190576,CUNY Graduate School and University Center,New York,NY,40.74861,-73.98382
190594,CUNY Hunter College,New York,NY,40.76867,-73.96479
190600,CUNY John Jay College of Criminal Justice,New York,NY,40.77035,-73.98841
190637,CUNY Lehman College,Bronx,NY,40.87296,-73.89538
190646,CUNY Medgar Evers College,Brooklyn,NY,40.66626,-73.95708
190655,CUNY New York City College of Technology,Brooklyn,NY,40.69548,-73.98786
190664,CUNY Queens College,Queens,NY,40.73642,-73.82005
190682,CUNY School of Law,Long Island City,NY,40.74780,-73.94362
190691,CUNY York College,Jamaica,NY,40.70158,-73.79631
190716,D'Youville  University,Buffalo,NY,42.90264,-78.89087
190725,Daemen University,Amherst,NY,42.96561,-78.78811
190752,Yeshiva of Far Rockaway Derech Ayson Rabbinical Seminary,Far Rockaway,NY,40.60049,-73.74390
190761,Dominican University New York,Orangeburg,NY,41.04742,-73.95055
190983,Elmira College,Elmira,NY,42.09610,-76.81346
191126,Fashion Institute of Technology,New York,NY,40.74731,-73.99478
191205,Five Towns College,Dix Hills,NY,40.79451,-73.36935
191241,Fordham University,Bronx,NY,40.85935,-73.88270
191515,Hamilton College,Clinton,NY,43.05025,-75.40820
191533,Hartwick College,Oneonta,NY,42.45760,-75.07199
191597,Helene Fuld College of Nursing,New York,NY,40.80250,-73.94336
191621,Hilbert College,Hamburg,NY,42.75464,-78.82026
191630,Hobart William Smith Colleges,Geneva,NY,42.85813,-76.98552
191649,Hofstra University,Hempstead,NY,40.71596,-73.60078
191676,Houghton University,Houghton,NY,42.42614,-78.15543
191931,Iona University,New Rochelle,NY,40.92573,-73.78805
191968,Ithaca College,Ithaca,NY,42.42215,-76.49414
192040,Jewish Theological Seminary of America,New York,NY,40.81189,-73.96058
192110,The Juilliard School,New York,NY,40.77373,-73.98291
192165,Kehilath Yakov Rabbinical Seminary,Ossining,NY,41.22052,-73.81489
192192,Keuka College,Keuka Park,NY,42.61525,-77.09056
192271,LIM College,New York,NY,40.75499,-73.97941
192323,Le Moyne College,Syracuse,NY,43.04919,-76.09043
192448,Long Island University,Brookville,NY,40.82071,-73.59368
192624,Machzikei Hadath Rabbinical College,Brooklyn,NY,40.62794,-73.98838
192703,Manhattan University,Riverdale,NY,40.88976,-73.90189
192712,Manhattan School of Music,New York,NY,40.81231,-73.96133
192749,Manhattanville University,Purchase,NY,41.03219,-73.71564
192785,Maria College of Albany,Albany,NY,42.65779,-73.80629
192819,Marist University,Poughkeepsie,NY,41.72094,-73.93548
192864,Marymount Manhattan College,New York,NY,40.76879,-73.95977
193016,Mercy University,Dobbs Ferry,NY,41.02163,-73.87445
193052,Mesivta Torah Vodaath Rabbinical Seminary,Brooklyn,NY,40.63820,-73.96940
193061,Mesivta of Eastern Parkway-Yeshiva Zichron Meilech,Brooklyn,NY,40.63524,-73.97933
193070,Mesivtha Tifereth Jerusalem of America,New York,NY,40.71381,-73.99127
193247,Mirrer Yeshiva Cent Institute,Brooklyn,NY,40.60504,-73.96605
193292,Molloy University,Rockville Centre,NY,40.68594,-73.62618
193308,Monroe University,Bronx,NY,40.86446,-73.90021
193353,Mount Saint Mary College,Newburgh,NY,41.51387,-74.01265
193399,University of Mount Saint Vincent,Bronx,NY,40.91366,-73.90889
193405,Icahn School of Medicine at Mount Sinai,New York,NY,40.79036,-73.95241
193584,Nazareth University,Rochester,NY,43.10158,-77.51858
193654,The New School,New York,NY,40.73551,-73.99711
193751,Northeast College of Health Sciences,Seneca Falls,NY,42.91173,-76.75623
193821,New York Law School,New York,NY,40.71800,-74.00697
193830,New York Medical College,Valhalla,NY,41.08503,-73.81004
193900,New York University,New York,NY,40.72945,-73.99726
193973,Niagara University,Niagara University,NY,43.13728,-79.03669
194073,New York College of Podiatric Medicine,New York,NY,40.80504,-73.94050
194091,New York Institute of Technology,Old Westbury,NY,40.81245,-73.60780
194116,New York School of Interior Design,New York,NY,40.76861,-73.96240
194189,Ohr Hameir Theological Seminary,Peekskill,NY,41.26873,-73.88979
194310,Pace University,New York,NY,40.71101,-74.00472
194392,Paul Smiths College of Arts and Science,Paul Smiths,NY,44.43397,-74.25267
194499,Plaza College,Forest Hills,NY,40.71489,-73.83116
194569,Davis College,Pottersville,NY,43.73071,-73.81206
194578,Pratt Institute-Main,Brooklyn,NY,40.69130,-73.96431
194657,Rabbinical Academy Mesivta Rabbi Chaim Berlin,Brooklyn,NY,40.61835,-73.96361
194666,Rabbinical College Bobover Yeshiva Bnei Zion,Brooklyn,NY,40.63195,-73.98503
194693,Rabbinical College Beth Shraga,Monsey,NY,41.11412,-74.07258
194718,Rabbinical Seminary Mkor Chaim,Lakewood,NJ,40.04684,-74.21482
194736,Rabbinical College of Long Island,Long Beach,NY,40.58643,-73.67024
194763,Rabbinical Seminary of America,Flushing,NY,40.72308,-73.81716
194824,Rensselaer Polytechnic Institute,Troy,NY,42.72998,-73.67665
194958,Roberts Wesleyan University,Rochester,NY,43.12576,-77.79850
195003,Rochester Institute of Technology,Rochester,NY,43.08419,-77.67386
195030,University of Rochester,Rochester,NY,43.12640,-77.63120
195049,The Rockefeller University,New York,NY,40.76249,-73.95520
195128,Russell Sage College,Troy,NY,42.72822,-73.69371
195155,St Bernard's School of Theology and Ministry,Rochester,NY,43.10219,-77.52633
195164,St Bonaventure University,Saint Bonaventure,NY,42.08019,-78.48111
195173,St. Francis College,Brooklyn,NY,40.69023,-73.98656
195216,St Lawrence University,Canton,NY,44.58988,-75.16134
195243,St. Thomas Aquinas College,Sparkill,NY,41.04158,-73.93680
195304,Sarah Lawrence College,Bronxville,NY,40.93550,-73.84373
195438,Sh'or Yoshuv Rabbinical College,Lawrence,NY,40.60523,-73.74008
195474,Siena University,Loudonville,NY,42.71760,-73.75260
195526,Skidmore College,Saratoga Springs,NY,43.09704,-73.78533
195544,St. Joseph's University-New York,Brooklyn,NY,40.69042,-73.96766
195580,Saint Vladimirs Orthodox Theological Seminary,Yonkers,NY,40.96939,-73.82436
195720,St. John Fisher University,Rochester,NY,43.11626,-77.51306
195809,St. John's University-New York,Queens,NY,40.72252,-73.79610
196006,SUNY College of Technology at Alfred,Alfred,NY,42.25526,-77.79463
196015,SUNY College of Technology at Canton,Canton,NY,44.60410,-75.18291
196024,SUNY College of Technology at Delhi,Delhi,NY,42.26986,-74.92461
196033,SUNY College of Agriculture and Technology at Cobleskill,Cobleskill,NY,42.67253,-74.49826
196042,Farmingdale State College,Farmingdale,NY,40.75422,-73.42832
196051,SUNY Morrisville,Morrisville,NY,42.89396,-75.64058
196060,University at Albany,Albany,NY,42.68549,-73.82466
196079,Binghamton University,Vestal,NY,42.08787,-75.96689
196088,University at Buffalo,Buffalo,NY,43.00094,-78.78946
196097,Stony Brook University,Stony Brook,NY,40.91476,-73.12046
196103,SUNY College of Environmental Science and Forestry,Syracuse,NY,43.03477,-76.13872
196112,SUNY Polytechnic Institute,Utica,NY,43.13770,-75.22984
196121,SUNY Brockport,Brockport,NY,43.21193,-77.94719
196130,SUNY Buffalo State University,Buffalo,NY,42.93383,-78.88212
196149,State University of New York at Cortland,Cortland,NY,42.59802,-76.18865
196158,SUNY at Fredonia,Fredonia,NY,42.45224,-79.33737
196167,SUNY College at Geneseo,Geneseo,NY,42.79665,-77.82189
196176,State University of New York at New Paltz,New Paltz,NY,41.74094,-74.08219
196185,SUNY Oneonta,Oneonta,NY,42.46886,-75.06363
196194,State University of New York at Oswego,Oswego,NY,43.45429,-76.54080
196200,SUNY College at Potsdam,Potsdam,NY,44.66215,-74.97381
196219,SUNY at Purchase College,Purchase,NY,41.04722,-73.70195
196228,SUNY College of Optometry,New York,NY,40.75447,-73.98224
196237,SUNY Old Westbury,Old Westbury,NY,40.79902,-73.57191
196246,State University of New York at Plattsburgh,Plattsburgh,NY,44.69293,-73.46654
196255,SUNY Downstate Health Sciences University,Brooklyn,NY,40.65386,-73.94554
196264,Empire State University,Saratoga Springs,NY,43.07728,-73.78248
196291,SUNY Maritime College,Throggs Neck,NY,40.80722,-73.79531
196307,Upstate Medical University,Syracuse,NY,43.04182,-76.14001
196413,Syracuse University,Syracuse,NY,43.03664,-76.13399
196431,Talmudical Seminary Oholei Torah,Brooklyn,NY,40.67009,-73.94576
196440,Talmudical Institute of Upstate New York,Rochester,NY,43.14706,-77.57494
196468,Teachers College at Columbia University,New York,NY,40.81022,-73.96019
196583,Torah Temimah Talmudical Seminary,Staten Island,NY,40.55779,-74.16877
196592,Touro University,New York,NY,40.75683,-73.98705
196653,Trocaire College,Buffalo,NY,42.84669,-78.81240
196680,Excelsior University,Albany,NY,42.70549,-73.86298
196866,Union College,Schenectady,NY,42.81810,-73.92879
196884,Union Theological Seminary in the City of New York,New York,NY,40.81182,-73.96155
197018,United Talmudical Seminary,Brooklyn,NY,40.70569,-73.95911
197027,United States Merchant Marine Academy,Kings Point,NY,40.81357,-73.76300
197036,United States Military Academy,West  Point,NY,41.38899,-73.95677
197045,Utica University,Utica,NY,43.09621,-75.27292
197133,Vassar College,Poughkeepsie,NY,41.68690,-73.89509
197142,Villa Maria College,Buffalo,NY,42.91223,-78.79682
197151,School of Visual Arts,New York,NY,40.73881,-73.98236
197197,Wagner College,Staten Island,NY,40.61559,-74.09291
197221,Webb Institute,Glen Cove,NY,40.88444,-73.64491
197285,The College of Westchester,White Plains,NY,41.03369,-73.78440
197601,Yeshiva Karlin Stolin,Brooklyn,NY,40.62492,-73.98337
197647,Yeshiva Derech Chaim,Brooklyn,NY,40.63689,-73.97976
197674,Yeshiva of Nitra Rabbinical College,Chester,NY,41.35367,-74.25591
197692,Yeshivath Shaar Hatorah,Kew Gardens,NY,40.70405,-73.83501
197708,Yeshiva University,New York,NY,40.85061,-73.92987
197735,Yeshivath Viznitz,Monsey,NY,41.11468,-74.07024
197744,Yeshivath Zichron Moshe,South Fallsburg,NY,41.73048,-74.62182
197869,Appalachian State University,Boone,NC,36.21554,-81.68058
197911,Barton College,Wilson,NC,35.73438,-77.91387
197984,Belmont Abbey College,Belmont,NC,35.26065,-81.04131
197993,Bennett College,Greensboro,NC,36.06753,-79.77998
198066,Brevard College,Brevard,NC,35.23676,-82.72949
198109,Cabarrus College of Health Sciences,Concord,NC,35.44004,-80.60082
198136,Campbell University,Buies Creek,NC,35.40915,-78.73824
198215,Catawba College,Salisbury,NC,35.69144,-80.48275
198303,Chowan University,Murfreesboro,NC,36.43626,-77.09914
198385,Davidson College,Davidson,NC,35.49977,-80.84398
198419,Duke University,Durham,NC,36.00114,-78.93762
198464,East Carolina University,Greenville,NC,35.60719,-77.36829
198507,Elizabeth City State University,Elizabeth City,NC,36.27798,-76.21404
198516,Elon University,Elon,NC,36.10415,-79.50344
198543,Fayetteville State University,Fayetteville,NC,35.07364,-78.89170
198561,Gardner-Webb University,Boiling Springs,NC,35.24732,-81.66814
198598,Greensboro College,Greensboro,NC,36.07108,-79.80023
198613,Guilford College,Greensboro,NC,36.09423,-79.88774
198677,Heritage Bible College,Dunn,NC,35.30737,-78.66439
198695,High Point University,High Point,NC,35.97204,-79.99467
198756,Johnson C Smith University,Charlotte,NC,35.24303,-80.85725
198808,Lees-McRae College,Banner Elk,NC,36.16248,-81.87337
198835,Lenoir-Rhyne University,Hickory,NC,35.73997,-81.32760
198862,Livingstone College,Salisbury,NC,35.67088,-80.48396
198899,Mars Hill University,Mars Hill,NC,35.82752,-82.55183
198950,Meredith College,Raleigh,NC,35.79935,-78.68999
198969,Methodist University,Fayetteville,NC,35.13506,-78.87443
199032,Montreat College,Montreat,NC,35.64658,-82.29760
199069,University of Mount Olive,Mount Olive,NC,35.20817,-78.06939
199102,North Carolina A & T State University,Greensboro,NC,36.07282,-79.77337
199111,University of North Carolina Asheville,Asheville,NC,35.61707,-82.56539
199120,University of North Carolina at Chapel Hill,Chapel Hill,NC,35.91177,-79.05097
199139,University of North Carolina at Charlotte,Charlotte,NC,35.30602,-80.73092
199148,University of North Carolina at Greensboro,Greensboro,NC,36.06824,-79.80941
199157,North Carolina Central University,Durham,NC,35.97424,-78.89860
199184,University of North Carolina School of the Arts,Winston Salem,NC,36.07618,-80.23567
199193,North Carolina State University at Raleigh,Raleigh,NC,35.78511,-78.67452
199209,North Carolina Wesleyan University,Rocky Mount,NC,36.01967,-77.77398
199218,University of North Carolina Wilmington,Wilmington,NC,34.22522,-77.87553
199272,William Peace University,Raleigh,NC,35.78914,-78.63770
199281,University of North Carolina at Pembroke,Pembroke,NC,34.68831,-79.20035
199306,Pfeiffer University,Misenheimer,NC,35.48470,-80.28317
199412,Queens University of Charlotte,Charlotte,NC,35.18905,-80.83351
199458,Mid-Atlantic Christian University,Elizabeth City,NC,36.30381,-76.21648
199582,Saint Augustine's University,Raleigh,NC,35.78547,-78.62130
199607,Salem College,Winston-Salem,NC,36.08627,-80.24130
199643,Shaw University,Raleigh,NC,35.77118,-78.63769
199759,Southeastern Baptist Theological Seminary,Wake Forest,NC,35.98186,-78.51375
199847,Wake Forest University,Winston-Salem,NC,36.13361,-80.27745
199865,Warren Wilson College,Swannanoa,NC,35.61033,-82.44262
199883,Watts College of Nursing,Durham,NC,36.02765,-78.94130
199962,Wingate University,Wingate,NC,34.98606,-80.44305
199971,Carolina Christian College,Winston Salem,NC,36.14617,-80.25625
199999,Winston-Salem State University,Winston-Salem,NC,36.08955,-80.22503
200004,Western Carolina University,Cullowhee,NC,35.30898,-83.18626
200022,Bismarck State College,Bismarck,ND,46.82146,-100.81653
200059,Dickinson State University,Dickinson,ND,46.88292,-102.79968
200086,Nueta Hidatsa Sahnish College,New Town,ND,47.98331,-102.47281
200156,University of Jamestown,Jamestown,ND,46.91430,-98.69842
200217,University of Mary,Bismarck,ND,46.72377,-100.75274
200226,Mayville State University,Mayville,ND,47.50542,-97.32255
200253,Minot State University,Minot,ND,48.24696,-101.29861
200280,University of North Dakota,Grand Forks,ND,47.92165,-97.07174
200332,North Dakota State University-Main Campus,Fargo,ND,46.89313,-96.80084
200466,Sitting Bull College,Fort Yates,ND,46.08529,-100.67473
200484,Trinity Bible College and Graduate School,Ellendale,ND,46.00104,-98.51791
200527,Turtle Mountain College,Belcourt,ND,48.88376,-99.75084
200554,United Tribes Technical College,Bismarck,ND,46.76716,-100.75513
200572,Valley City State University,Valley City,ND,46.91852,-98.00389
200697,Air Force Institute of Technology-Graduate School of Engineering & Management,Wright-Patterson AFB,OH,39.78222,-84.08262
200800,University of Akron Main Campus,Akron,OH,41.07592,-81.51117
200873,Allegheny Wesleyan College,Salem,OH,40.86722,-80.86123
201061,Art Academy of Cincinnati,Cincinnati,OH,39.10880,-84.51391
201104,Ashland University,Ashland,OH,40.86176,-82.32106
201140,Athenaeum of Ohio,Cincinnati,OH,39.08293,-84.37193
201177,Aultman College of Nursing and Health Sciences,Canton,OH,40.79619,-81.40405
201195,Baldwin Wallace University,Berea,OH,41.37302,-81.85114
201371,Bluffton University,Bluffton,OH,40.89561,-83.89944
201441,Bowling Green State University-Main Campus,Bowling Green,OH,41.37551,-83.64090
201548,Capital University,Columbus,OH,39.95488,-82.93787
201645,Case Western Reserve University,Cleveland,OH,41.50742,-81.60960
201654,Cedarville University,Cedarville,OH,39.74924,-83.81469
201672,Central Ohio Technical College,Newark,OH,40.06931,-82.44744
201690,Central State University,Wilberforce,OH,39.71579,-83.88019
201821,The Christ College of Nursing and Health Sciences,Cincinnati,OH,39.12182,-84.50956
201867,Cincinnati College of Mortuary Science,Cincinnati,OH,39.20658,-84.50560
201885,University of Cincinnati-Main Campus,Cincinnati,OH,39.13116,-84.51428
201928,Cincinnati State Technical and Community College,Cincinnati,OH,39.14992,-84.53694
201964,Ohio Christian University,Circleville,OH,39.61316,-82.90488
201973,Clark State College,Springfield,OH,39.89641,-83.79979
202046,Cleveland Institute of Art,Cleveland,OH,41.51044,-81.60242
202073,Cleveland Institute of Music,Cleveland,OH,41.51244,-81.60888
202134,Cleveland State University,Cleveland,OH,41.50228,-81.67436
202170,Columbus College of Art & Design,Columbus,OH,39.96607,-82.98948
202222,Columbus State Community College,Columbus,OH,39.96887,-82.98766
202356,Cuyahoga Community College District,Cleveland,OH,41.49491,-81.68353
202435,Davis College,Toledo,OH,41.65292,-83.53259
202480,University of Dayton,Dayton,OH,39.73955,-84.17611
202514,Defiance College,Defiance,OH,41.29684,-84.35707
202523,Denison University,Granville,OH,40.07151,-82.52327
202648,Edison State Community College,Piqua,OH,40.15770,-84.21238
202763,The University of Findlay,Findlay,OH,41.05334,-83.65231
202806,Franklin University,Columbus,OH,39.95831,-82.99037
202903,Gods Bible School and College,Cincinnati,OH,39.11530,-84.50570
202912,Good Samaritan College of Nursing and Health Science,Cincinnati,OH,39.14035,-84.52120
203067,Hebrew Union College-Jewish Institute of Religion,New York,NY,40.72894,-73.99450
203085,Heidelberg University,Tiffin,OH,41.11483,-83.16839
203128,Hiram College,Hiram,OH,41.31070,-81.14398
203368,John Carroll University,University Heights,OH,41.49026,-81.53122
203517,Kent State University at Kent,Kent,OH,41.14665,-81.34253
203535,Kenyon College,Gambier,OH,40.37441,-82.39798
203544,Kettering College,Kettering,OH,39.69505,-84.19201
203580,Lake Erie College,Painesville,OH,41.71784,-81.25182
203678,James A. Rhodes State College,Lima,OH,40.73835,-84.02632
203748,Lorain County Community College,Elyria,OH,41.41329,-82.07355
203757,Lourdes University,Sylvania,OH,41.71001,-83.70611
203775,Malone University,Canton,OH,40.82566,-81.37686
203845,Marietta College,Marietta,OH,39.41668,-81.45004
203881,Marion Technical College,Marion,OH,40.57702,-83.08916
203960,Mercy College of Ohio,Toledo,OH,41.65832,-83.55254
203997,Methodist Theological School in Ohio,Delaware,OH,40.25364,-83.06015
204024,Miami University-Oxford,Oxford,OH,39.50776,-84.73295
204176,Mount Carmel College of Nursing,Columbus,OH,39.95663,-83.02150
204185,University of Mount Union,Alliance,OH,40.90526,-81.11103
204194,Mount Vernon Nazarene University,Mount Vernon,OH,40.37290,-82.47107
204200,Mount St. Joseph University,Cincinnati,OH,39.09589,-84.63945
204255,Zane State College,Zanesville,OH,39.96241,-82.03120
204264,Muskingum University,New Concord,OH,39.99659,-81.73713
204422,North Central State College,Mansfield,OH,40.79878,-82.58158
204477,Northeast Ohio Medical University,Rootstown,OH,41.10292,-81.24530
204486,University of Northwestern Ohio,Lima,OH,40.76292,-84.15700
204501,Oberlin College,Oberlin,OH,41.29199,-82.21680
204617,Ohio Dominican University,Columbus,OH,39.99276,-82.94069
204635,Ohio Northern University,Ada,OH,40.76620,-83.82744
204796,Ohio State University-Main Campus,Columbus,OH,39.99980,-83.00752
204857,Ohio University-Main Campus,Athens,OH,39.32680,-82.10098
204909,Ohio Wesleyan University,Delaware,OH,40.29596,-83.06976
204936,Otterbein University,Westerville,OH,40.12533,-82.93644
204990,Payne Theological Seminary,Wilberforce,OH,39.71529,-83.88487
205027,Pontifical College Josephinum,Columbus,OH,40.12074,-83.01883
205054,Professional Skills Institute,Maumee,OH,41.58401,-83.67241
205124,Rabbinical College Telshe,Wickliffe,OH,41.59353,-81.48526
205203,University of Rio Grande,Rio Grande,OH,38.88176,-82.37885
205391,The Modern College of Design,Kettering,OH,39.68131,-84.13427
205443,Shawnee State University,Portsmouth,OH,38.73087,-82.99377
205470,Sinclair Community College,Dayton,OH,39.75760,-84.20063
205841,Stark State College,North Canton,OH,40.87060,-81.43902
205957,Franciscan University of Steubenville,Steubenville,OH,40.37692,-80.62052
206048,Tiffin University,Tiffin,OH,41.11832,-83.18420
206084,University of Toledo,Toledo,OH,41.66057,-83.61471
206154,Tri-State Bible College,South Point,OH,38.42624,-82.57989
206288,United Theological Seminary,Dayton,OH,39.81342,-84.27691
206349,Ursuline College,Pepper Pike,OH,41.49703,-81.46512
206437,Walsh University,North Canton,OH,40.87391,-81.36993
206446,Washington State College of Ohio,Marietta,OH,39.43082,-81.43392
206491,Wilberforce University,Wilberforce,OH,39.70729,-83.88059
206507,Wilmington College,Wilmington,OH,39.44474,-83.81834
206516,Winebrenner Theological Seminary,Findlay,OH,41.05246,-83.65071
206525,Wittenberg University,Springfield,OH,39.93403,-83.81544
206589,The College of Wooster,Wooster,OH,40.81046,-81.93467
206604,Wright State University-Main Campus,Dayton,OH,39.78063,-84.06488
206622,Xavier University,Cincinnati,OH,39.14955,-84.47465
206695,Youngstown State University,Youngstown,OH,41.10493,-80.64659
206835,Oklahoma Wesleyan University,Bartlesville,OK,36.71745,-95.95671
206862,Southern Nazarene University,Bethany,OK,35.51330,-97.62950
206914,Cameron University,Lawton,OK,34.60649,-98.43416
206941,University of Central Oklahoma,Edmond,OK,35.65520,-97.47151
207041,East Central University,Ada,OK,34.77193,-96.66385
207157,Randall University,Moore,OK,35.30076,-97.49111
207209,Langston University,Langston,OK,35.94398,-97.26032
207236,Murray State College,Tishomingo,OK,34.22295,-96.67791
207254,Spartan College of Aeronautics and Technology,Tulsa,OK,36.17664,-95.87890
207263,Northeastern State University,Tahlequah,OK,35.91994,-94.96723
207306,Northwestern Oklahoma State University,Alva,OK,36.79666,-98.66767
207315,Oklahoma State University Center for Health Sciences,Tulsa,OK,36.13798,-96.00570
207324,Oklahoma Christian University,Edmond,OK,35.61141,-97.46953
207351,Oklahoma Panhandle State University,Goodwell,OK,36.59452,-101.63849
207388,Oklahoma State University-Main Campus,Stillwater,OK,36.12309,-97.06974
207397,Oklahoma State University-Oklahoma City,Oklahoma City,OK,35.47497,-97.58196
207403,Oklahoma Baptist University,Shawnee,OK,35.36049,-96.93246
207458,Oklahoma City University,Oklahoma City,OK,35.49527,-97.54124
207500,University of Oklahoma-Norman Campus,Norman,OK,35.20941,-97.44421
207564,Oklahoma State University Institute of Technology,Okmulgee,OK,35.62693,-95.94037
207582,Oral Roberts University,Tulsa,OK,36.04913,-95.95255
207661,Rogers State University,Claremore,OK,36.32144,-95.63572
207670,Rose State College,Midwest City,OK,35.44372,-97.41411
207722,University of Science and Arts of Oklahoma,Chickasha,OK,35.03139,-97.95641
207847,Southeastern Oklahoma State University,Durant,OK,34.00681,-96.37686
207856,Southwestern Christian University,Bethany,OK,35.51331,-97.63934
207865,Southwestern Oklahoma State University,Weatherford,OK,35.53528,-98.70777
207971,University of Tulsa,Tulsa,OK,36.15232,-95.94594
208390,Chemeketa Community College,Salem,OR,44.97866,-122.97808
208512,Sumner College,Portland,OR,45.57494,-122.57602
208646,Eastern Oregon University,La Grande,OR,45.31980,-118.09249
208725,New Hope Christian College-Eugene,Eugene,OR,44.03267,-123.15355
208822,George Fox University,Newberg,OR,45.30363,-122.96749
209038,Lane Community College,Eugene,OR,44.00933,-123.03264
209056,Lewis & Clark College,Portland,OR,45.45088,-122.66914
209065,Linfield University,McMinnville,OR,45.20117,-123.19964
209241,Mount Angel Seminary,Saint Benedict,OR,45.05787,-122.77540
209250,Mt Hood Community College,Gresham,OR,45.51486,-122.39697
209296,National University of Natural Medicine,Portland,OR,45.50193,-122.67660
209409,Bushnell University,Eugene,OR,44.04748,-123.07975
209490,Oregon Health & Science University,Portland,OR,45.49877,-122.68610
209506,Oregon Institute of Technology,Klamath Falls,OR,42.25715,-121.78518
209542,Oregon State University,Corvallis,OR,44.56395,-123.27472
209551,University of Oregon,Eugene,OR,44.04515,-123.07579
209603,Pacific Northwest College of Art,Portland,OR,45.52677,-122.67818
209612,Pacific University,Forest Grove,OR,45.52139,-123.10878
209807,Portland State University,Portland,OR,45.51160,-122.68629
209825,University of Portland,Portland,OR,45.57272,-122.72669
209922,Reed College,Portland,OR,45.48096,-122.63035
210146,Southern Oregon University,Ashland,OR,42.18508,-122.69508
210304,Warner Pacific University,Portland,OR,45.50627,-122.59250
210331,Corban University,Salem,OR,44.88240,-122.96113
210368,Western Seminary,Portland,OR,45.51209,-122.60637
210401,Willamette University,Salem,OR,44.93546,-123.03054
210429,Western Oregon University,Monmouth,OR,44.85224,-123.23831
210438,University of Western States,Portland,OR,45.53652,-122.58059
210492,Bryn Athyn College of the New Church,Bryn Athyn,PA,40.13439,-75.06081
210508,Academy of Vocal Arts,Philadelphia,PA,39.94796,-75.17373
210571,Albright College,Reading,PA,40.36135,-75.90974
210669,Allegheny College,Meadville,PA,41.64869,-80.14717
210739,DeSales University,Center Valley,PA,40.53909,-75.37561
210775,Alvernia University,Reading,PA,40.31003,-75.93675
210809,American College of Financial Services,King of Prussia,PA,40.10164,-75.39465
211088,Arcadia University,Glenside,PA,40.09261,-75.16388
211273,Bryn Mawr College,Bryn Mawr,PA,40.02736,-75.31322
211291,Bucknell University,Lewisburg,PA,40.95432,-76.88262
211431,Carlow University,Pittsburgh,PA,40.43929,-79.96345
211440,Carnegie Mellon University,Pittsburgh,PA,40.44357,-79.94199
211468,Cedar Crest College,Allentown,PA,40.58632,-75.51922
211477,Central Penn College,Summerdale,PA,40.30490,-76.93446
211556,Chatham University,Pittsburgh,PA,40.44843,-79.92608
211583,Chestnut Hill College,Philadelphia,PA,40.08678,-75.22874
211608,Cheyney University of Pennsylvania,Cheyney,PA,39.93227,-75.52926
211893,Curtis Institute of Music,Philadelphia,PA,39.94886,-75.17073
211981,Delaware Valley University,Doylestown,PA,40.29866,-75.15845
212009,Dickinson College,Carlisle,PA,40.20280,-77.19785
212054,Drexel University,Philadelphia,PA,39.95522,-75.19005
212106,Duquesne University,Pittsburgh,PA,40.43589,-79.99312
212115,East Stroudsburg University of Pennsylvania,East Stroudsburg,PA,40.99599,-75.17391
212133,Eastern University,Saint Davids,PA,40.05045,-75.37032
212197,Elizabethtown College,Elizabethtown,PA,40.14924,-76.59322
212577,Franklin and Marshall College,Lancaster,PA,40.04805,-76.31904
212601,Gannon University,Erie,PA,42.12840,-80.08717
212656,Geneva College,Beaver Falls,PA,40.77252,-80.32183
212674,Gettysburg College,Gettysburg,PA,39.83660,-77.23679
212771,Gratz College,Jenkintown,PA,40.06721,-75.13391
212805,Grove City College,Grove City,PA,41.15580,-80.08148
212832,Gwynedd Mercy University,Gwynedd Valley,PA,40.19774,-75.23722
212911,Haverford College,Haverford,PA,40.00745,-75.30521
212984,Holy Family University,Philadelphia,PA,40.06058,-74.98645
213011,Immaculata University,Immaculata,PA,40.02798,-75.57071
213020,Indiana University of Pennsylvania,Indiana,PA,40.61753,-79.15933
213251,Juniata College,Huntingdon,PA,40.50052,-78.01729
213303,Keystone College,La Plume,PA,41.55897,-75.77746
213321,King's College,Wilkes-Barre,PA,41.25010,-75.87982
213349,Kutztown University of Pennsylvania,Kutztown,PA,40.51356,-75.78393
213358,La Roche University,Pittsburgh,PA,40.56862,-80.01485
213367,La Salle University,Philadelphia,PA,40.03798,-75.15306
213376,Lackawanna College,Scranton,PA,41.41156,-75.65896
213385,Lafayette College,Easton,PA,40.69956,-75.20979
213400,Lancaster Bible College,Lancaster,PA,40.07535,-76.28776
213507,Lebanon Valley College,Annville,PA,40.33060,-76.51443
213543,Lehigh University,Bethlehem,PA,40.60682,-75.38024
213598,Lincoln University,Lincoln University,PA,39.80772,-75.92646
213631,United Lutheran Seminary,Gettysburg,PA,39.83170,-77.24411
213668,Lycoming College,Williamsport,PA,41.24666,-77.00000
213774,Manor College,Jenkintown,PA,40.08714,-75.10479
213826,Marywood University,Scranton,PA,41.43459,-75.63414
213987,Mercyhurst University,Erie,PA,42.10578,-80.05341
213996,Messiah University,Mechanicsburg,PA,40.15658,-76.98827
214041,Millersville University of Pennsylvania,Millersville,PA,40.00034,-76.35738
214069,Misericordia University,Dallas,PA,41.34528,-75.97154
214148,Moore College of Art and Design,Philadelphia,PA,39.95708,-75.17210
214157,Moravian University,Bethlehem,PA,40.63095,-75.38364
214166,Mount Aloysius College,Cresson,PA,40.45968,-78.60090
214175,Muhlenberg College,Allentown,PA,40.59642,-75.50850
214272,Neumann University,Aston,PA,39.87488,-75.44002
214582,Pennsylvania Institute of Technology,Media,PA,39.90834,-75.38893
214777,Pennsylvania State University-Main Campus,University Park,PA,40.79650,-77.86285
214883,Peirce College,Philadelphia,PA,39.94962,-75.16810
214971,Pennsylvania Academy of the Fine Arts,Philadelphia,PA,39.95569,-75.16346
215053,Pennsylvania College of Art and Design,Lancaster,PA,40.04115,-76.30877
215062,University of Pennsylvania,Philadelphia,PA,39.95093,-75.19391
215114,Cairn University-Langhorne,Langhorne,PA,40.16581,-74.90951
215123,Philadelphia College of Osteopathic Medicine,Philadelphia,PA,40.00489,-75.21609
215293,University of Pittsburgh-Pittsburgh Campus,Pittsburgh,PA,40.44439,-79.95325
215424,Pittsburgh Theological Seminary,Pittsburgh,PA,40.46735,-79.92140
215442,Point Park University,Pittsburgh,PA,40.43877,-80.00206
215619,Reconstructionist Rabbinical College,Wyncote,PA,40.08769,-75.14951
215637,Walnut Hill College,Philadelphia,PA,39.95510,-75.20749
215655,Robert Morris University,Moon Township,PA,40.52042,-80.21047
215691,Rosemont College,Rosemont,PA,40.03342,-75.32925
215743,Saint Francis University,Loretto,PA,40.50673,-78.63904
215770,Saint Joseph's University - Philadelphia,Philadelphia,PA,39.99444,-75.23834
215798,Saint Vincent College,Latrobe,PA,40.29265,-79.40376
215929,University of Scranton,Scranton,PA,41.40656,-75.65691
215947,Seton Hill University,Greensburg,PA,40.30941,-79.55743
216010,Shippensburg University of Pennsylvania,Shippensburg,PA,40.05793,-77.52233
216038,Slippery Rock University of Pennsylvania,Slippery Rock,PA,41.06272,-80.04596
216047,Saint Charles Borromeo Seminary-Overbrook,Ambler,PA,40.20123,-75.23173
216278,Susquehanna University,Selinsgrove,PA,40.79750,-76.87533
216287,Swarthmore College,Swarthmore,PA,39.90516,-75.35428
216311,Talmudical Yeshiva of Philadelphia,Philadelphia,PA,39.98925,-75.24796
216339,Temple University,Philadelphia,PA,39.98055,-75.15686
216348,Theological Seminary of the Reformed Episcopal Church,Oreland,PA,40.10206,-75.18236
216357,Thiel College,Greenville,PA,41.41354,-80.38438
216366,Thomas Jefferson University,Philadelphia,PA,39.94827,-75.15827
216463,Trinity Anglican Seminary,Ambridge,PA,40.59340,-80.23018
216524,Ursinus College,Collegeville,PA,40.19302,-75.45651
216542,University of Valley Forge,Phoenixville,PA,40.11784,-75.54690
216597,Villanova University,Villanova,PA,40.03646,-75.34050
216667,Washington & Jefferson College,Washington,PA,40.17062,-80.24049
216694,Waynesburg University,Waynesburg,PA,39.89987,-80.18620
216764,West Chester University of Pennsylvania,West Chester,PA,39.95340,-75.59812
216807,Westminster College,New Wilmington,PA,41.11927,-80.33102
216816,Westminster Theological Seminary,Glenside,PA,40.09815,-75.17633
216852,Widener University,Chester,PA,39.86169,-75.35536
216931,Wilkes University,Wilkes-Barre,PA,41.24420,-75.89026
217013,Wilson College,Chambersburg,PA,39.94966,-77.65071
217040,Yeshivath Beth Moshe,Scranton,PA,41.39485,-75.65619
217059,York College of Pennsylvania,York,PA,39.94614,-76.72798
217156,Brown University,Providence,RI,41.82617,-71.40385
217165,Bryant University,Smithfield,RI,41.92009,-71.53955
217235,Johnson & Wales University-Providence,Providence,RI,41.81996,-71.41277
217305,New England Institute of Technology,East Greenwich,RI,41.66178,-71.50289
217402,Providence College,Providence,RI,41.84274,-71.43745
217420,Rhode Island College,Providence,RI,41.84242,-71.46556
217484,University of Rhode Island,Kingston,RI,41.48469,-71.52736
217493,Rhode Island School of Design,Providence,RI,41.82711,-71.40931
217518,Roger Williams University,Bristol,RI,41.65021,-71.26037
217536,Salve Regina University,Newport,RI,41.47155,-71.30124
217606,Northpoint Bible College,Haverhill,MA,42.76536,-71.07933
217624,Allen University,Columbia,SC,34.01035,-81.02004
217633,Anderson University,Anderson,SC,34.51520,-82.64036
217688,Charleston Southern University,Charleston,SC,32.98305,-80.07259
217721,Benedict College,Columbia,SC,34.01294,-81.02040
217749,Bob Jones University,Greenville,SC,34.87402,-82.36584
217776,Southern Wesleyan University,Central,SC,34.72807,-82.76159
217819,College of Charleston,Charleston,SC,32.78423,-79.93979
217864,Citadel Military College of South Carolina,Charleston,SC,32.79718,-79.95877
217873,Claflin University,Orangeburg,SC,33.49844,-80.85432
217882,Clemson University,Clemson,SC,34.67938,-82.83511
217891,Clinton College,Rock Hill,SC,34.91372,-81.04347
217907,Coker University,Hartsville,SC,34.37696,-80.07042
217925,Columbia International University,Columbia,SC,34.07551,-81.07443
217934,Columbia College,Columbia,SC,34.04558,-81.02997
217961,Converse University,Spartanburg,SC,34.95553,-81.91788
217998,Erskine College,Due West,SC,34.33209,-82.39095
218061,Francis Marion University,Florence,SC,34.18978,-79.65285
218070,Furman University,Greenville,SC,34.92468,-82.44046
218113,Greenville Technical College,Greenville,SC,34.82621,-82.37118
218229,Lander University,Greenwood,SC,34.19989,-82.16474
218335,Medical University of South Carolina,Charleston,SC,32.78436,-79.94716
218399,Morris College,Sumter,SC,33.93857,-80.34615
218414,Newberry College,Newberry,SC,34.28587,-81.61978
218441,North Greenville University,Tigerville,SC,35.06976,-82.37026
218539,Presbyterian College,Clinton,SC,34.46583,-81.87448
218645,University of South Carolina Aiken,Aiken,SC,33.57270,-81.76761
218654,University of South Carolina Beaufort,Bluffton,SC,32.30331,-80.97359
218663,University of South Carolina-Columbia,Columbia,SC,33.99679,-81.02693
218724,Coastal Carolina University,Conway,SC,33.79500,-79.01177
218733,South Carolina State University,Orangeburg,SC,33.49797,-80.84872
218742,University of South Carolina-Upstate,Spartanburg,SC,34.99640,-81.97058
218751,Sherman College of Chiropractic,Boiling Springs,SC,35.01460,-81.98588
218821,Spartanburg Methodist College,Spartanburg,SC,34.95512,-81.97086
218919,Voorhees University,Denmark,SC,33.30720,-81.12786
218964,Winthrop University,Rock Hill,SC,34.94152,-81.03140
218973,Wofford College,Spartanburg,SC,34.95941,-81.93357
219000,Augustana University,Sioux Falls,SD,43.52515,-96.73697
219046,Black Hills State University,Spearfish,SD,44.49489,-103.87097
219082,Dakota State University,Madison,SD,44.01301,-97.11336
219091,Dakota Wesleyan University,Mitchell,SD,43.69743,-98.03119
219198,Mount Marty University,Yankton,SD,42.87448,-97.40990
219204,National American University-Rapid City,Rapid City,SD,44.06150,-103.28649
219240,Kairos University,Sioux Falls,SD,43.52545,-96.73590
219259,Northern State University,Aberdeen,SD,45.45083,-98.48473
219277,Oglala Lakota College,Kyle,SD,43.36681,-102.24033
219347,South Dakota School of Mines and Technology,Rapid City,SD,44.07544,-103.20575
219356,South Dakota State University,Brookings,SD,44.31749,-96.78214
219374,Sinte Gleska University,Mission,SD,43.29888,-100.62255
219383,University of Sioux Falls,Sioux Falls,SD,43.53157,-96.73823
219408,Sisseton Wahpeton College,Sisseton,SD,45.56273,-97.06083
219471,University of South Dakota,Vermillion,SD,42.78602,-96.92528
219505,American Baptist College,Nashville,TN,36.20262,-86.78991
219602,Austin Peay State University,Clarksville,TN,36.53332,-87.35408
219639,Baptist Health Sciences University,Memphis,TN,35.13842,-90.02750
219709,Belmont University,Nashville,TN,36.13559,-86.79481
219718,Bethel University,McKenzie,TN,36.13785,-88.51676
219790,Bryan College-Dayton,Dayton,TN,35.49721,-84.99955
219806,Carson-Newman University,Jefferson City,TN,36.12293,-83.49171
219833,Christian Brothers University,Memphis,TN,35.12744,-89.98324
219842,Pentecostal Theological Seminary,Cleveland,TN,35.16253,-84.86833
219949,Cumberland University,Lebanon,TN,36.20451,-86.29878
219976,Lipscomb University,Nashville,TN,36.10625,-86.79979
220075,East Tennessee State University,Johnson City,TN,36.30164,-82.36695
220118,Chattanooga College Medical Dental and & Technical Careers,Chattanooga,TN,35.13314,-85.23813
220181,Fisk University,Nashville,TN,36.16709,-86.80480
220206,Welch College,Gallatin,TN,36.36719,-86.54915
220215,Freed-Hardeman University,Henderson,TN,35.44061,-88.63796
220473,Johnson University,Knoxville,TN,35.93719,-83.75027
220516,King University,Bristol,TN,36.58531,-82.15942
220552,South College,Knoxville,TN,35.95828,-83.97362
220598,Lane College,Jackson,TN,35.62738,-88.80653
220604,Le Moyne-Owen College,Memphis,TN,35.11864,-90.03410
220613,Lee University,Cleveland,TN,35.16602,-84.87140
220631,Lincoln Memorial University,Harrogate,TN,36.57851,-83.66020
220701,The University of Tennessee Southern,Pulaski,TN,35.20102,-87.03566
220710,Maryville College,Maryville,TN,35.75151,-83.96422
220792,Meharry Medical College,Nashville,TN,36.16546,-86.80737
220862,University of Memphis,Memphis,TN,35.11888,-89.93807
220871,Memphis Theological Seminary,Memphis,TN,35.13311,-89.98265
220978,Middle Tennessee State University,Murfreesboro,TN,35.84801,-86.36062
220996,Middle Tennessee School of Anesthesia Inc,Madison,TN,36.25343,-86.68386
221351,Rhodes College,Memphis,TN,35.15440,-89.99080
221519,The University of the South,Sewanee,TN,35.20472,-85.92018
221661,Southern Adventist University,Collegedale,TN,35.04825,-85.05209
221670,Southern College of Optometry,Memphis,TN,35.13825,-90.01986
221731,Tennessee Wesleyan University,Athens,TN,35.44633,-84.59273
221740,The University of Tennessee-Chattanooga,Chattanooga,TN,35.04752,-85.30025
221759,The University of Tennessee-Knoxville,Knoxville,TN,35.95208,-83.92585
221768,The University of Tennessee-Martin,Martin,TN,36.34034,-88.86421
221838,Tennessee State University,Nashville,TN,36.16632,-86.82827
221847,Tennessee Technological University,Cookeville,TN,36.17475,-85.50404
221892,Trevecca Nazarene University,Nashville,TN,36.14132,-86.75424
221953,Tusculum University,Greeneville,TN,36.17244,-82.76082
221971,Union University,Jackson,TN,35.67690,-88.85852
221999,Vanderbilt University,Nashville,TN,36.14659,-86.80337
222178,Abilene Christian University,Abilene,TX,32.46894,-99.70980
222567,Alvin Community College,Alvin,TX,29.39624,-95.24067
222628,Amberton University,Garland,TX,32.85993,-96.65302
222831,Angelo State University,San Angelo,TX,31.44091,-100.46505
222877,Arlington Baptist University,Arlington,TX,32.73949,-97.15602
222983,Austin College,Sherman,TX,33.64634,-96.59633
222992,Austin Community College District,Austin,TX,30.32630,-97.71378
223001,Austin Presbyterian Theological Seminary,Austin,TX,30.29201,-97.73696
223083,Baptist Health System School of Health Professions,San Antonio,TX,29.51706,-98.56749
223117,Baptist Missionary Association Theological Seminary,Jacksonville,TX,31.97896,-95.25552
223223,Baylor College of Medicine,Houston,TX,29.71060,-95.39574
223232,Baylor University,Waco,TX,31.54687,-97.12104
223463,Remington College-Dallas Campus,Dallas,TX,32.91207,-96.73302
223506,Brazosport College,Lake Jackson,TX,29.04860,-95.40934
224004,Concordia University Texas,Austin,TX,30.42023,-97.83570
224147,Texas A & M University-Corpus Christi,Corpus Christi,TX,27.71372,-97.32395
224226,Dallas Baptist University,Dallas,TX,32.71002,-96.94701
224244,Dallas Christian College,Dallas,TX,32.91369,-96.88712
224305,Dallas Theological Seminary,Dallas,TX,32.79536,-96.78050
224323,University of Dallas,Irving,TX,32.84622,-96.91951
224350,Del Mar College,Corpus Christi,TX,27.76362,-97.40762
224527,East Texas Baptist University,Marshall,TX,32.55785,-94.37449
224545,Texas A&M University-Texarkana,Texarkana,TX,33.49048,-94.10362
224554,East Texas A&M University,Commerce,TX,33.24211,-95.90458
224615,Dallas College,Dallas,TX,32.76632,-96.79404
224679,Western Technical College,El Paso,TX,31.67595,-106.31927
224712,Episcopal Theological Seminary of the Southwest,Austin,TX,30.29309,-97.73265
224961,Galveston College,Galveston,TX,29.28474,-94.80769
225070,Grayson College,Denison,TX,33.70574,-96.63389
225201,Hallmark University,San Antonio,TX,29.46686,-98.68575
225247,Hardin-Simmons University,Abilene,TX,32.47643,-99.73564
225308,Trinity Valley Community College,Athens,TX,32.19660,-95.85851
225399,Houston Christian University,Houston,TX,29.69382,-95.51595
225414,University of Houston-Clear Lake,Houston,TX,29.58252,-95.09813
225423,Houston City College,Houston,TX,29.74211,-95.37732
225432,University of Houston-Downtown,Houston,TX,29.76610,-95.35934
225502,Texas A&M University-Victoria,Victoria,TX,28.81625,-96.97633
225511,University of Houston,Houston,TX,29.72039,-95.34354
225548,Howard Payne University,Brownwood,TX,31.71647,-98.98520
225575,Huston-Tillotson University,Austin,TX,30.26467,-97.72169
225627,University of the Incarnate Word,San Antonio,TX,29.46708,-98.46583
225885,Jarvis Christian University,Hawkins,TX,32.58794,-95.18151
226091,Lamar University,Beaumont,TX,30.04274,-94.07224
226134,Laredo College,Laredo,TX,27.50648,-99.52077
226152,Texas A & M International University,Laredo,TX,27.57117,-99.43604
226231,LeTourneau University,Longview,TX,32.46632,-94.72639
226383,Lubbock Christian University,Lubbock,TX,33.57597,-101.93443
226408,College of the Mainland,Texas City,TX,29.39581,-94.99960
226471,University of Mary Hardin-Baylor,Belton,TX,31.06679,-97.46347
226587,McMurry University,Abilene,TX,32.42978,-99.74868
226806,Midland College,Midland,TX,32.02965,-102.10615
226833,Midwestern State University,Wichita Falls,TX,33.87481,-98.51939
226879,Wade College,Dallas,TX,32.80085,-96.81952
227146,Navarro College,Corsicana,TX,32.07606,-96.49873
227182,Lone Star College System,The Woodlands,TX,30.18737,-95.48810
227216,University of North Texas,Denton,TX,33.21118,-97.14842
227289,Oblate School of Theology,San Antonio,TX,29.50543,-98.50311
227304,Odessa College,Odessa,TX,31.86681,-102.38348
227331,Our Lady of the Lake University,San Antonio,TX,29.42619,-98.54365
227368,The University of Texas Rio Grande Valley,Edinburg,TX,26.30676,-98.17357
227429,Paul Quinn College,Dallas,TX,32.67884,-96.75578
227526,Prairie View A & M University,Prairie View,TX,30.09243,-95.98947
227757,Rice University,Houston,TX,29.71790,-95.40203
227845,Saint Edward's University,Austin,TX,30.22962,-97.75500
227854,St Philip's College,San Antonio,TX,29.41508,-98.45328
227863,University of St Thomas,Houston,TX,29.73644,-95.39310
227881,Sam Houston State University,Huntsville,TX,30.71474,-95.54620
227924,San Antonio College,San Antonio,TX,29.44634,-98.49765
227979,San Jacinto Community College,Pasadena,TX,29.66003,-95.11468
228042,Schreiner University,Kerrville,TX,30.03146,-99.13059
228149,St. Mary's University,San Antonio,TX,29.45324,-98.56278
228194,South Texas College of Law Houston,Houston,TX,29.75317,-95.36455
228246,Southern Methodist University,Dallas,TX,32.84361,-96.78336
228325,Nelson University,Waxahachie,TX,32.40443,-96.85349
228343,Southwestern University,Georgetown,TX,30.63434,-97.66574
228431,Stephen F Austin State University,Nacogdoches,TX,31.62106,-94.64908
228459,Texas State University,San Marcos,TX,29.88889,-97.94303
228468,Southwestern Adventist University,Keene,TX,32.39762,-97.32702
228486,Southwestern Christian College,Terrell,TX,32.73551,-96.28565
228501,Sul Ross State University,Alpine,TX,30.36314,-103.65147
228529,Tarleton State University,Stephenville,TX,32.21781,-98.21904
228635,University of Texas Southwestern Medical Center,Dallas,TX,32.81231,-96.84116
228644,The University of Texas Health Science Center at San Antonio,San Antonio,TX,29.50811,-98.57565
228653,The University of Texas Medical Branch at Galveston,Galveston,TX,29.31076,-94.77596
228705,Texas A&M University-Kingsville,Kingsville,TX,27.52517,-97.88239
228723,Texas A&M University-College Station,College Station,TX,30.61873,-96.33647
228769,The University of Texas at Arlington,Arlington,TX,32.72972,-97.11296
228778,The University of Texas at Austin,Austin,TX,30.28283,-97.73827
228787,The University of Texas at Dallas,Richardson,TX,32.98467,-96.74970
228796,The University of Texas at El Paso,El Paso,TX,31.77015,-106.50410
228802,The University of Texas at Tyler,Tyler,TX,32.31577,-95.25434
228866,Texas Chiropractic College Foundation Inc,Pasadena,TX,29.66370,-95.15013
228875,Texas Christian University,Fort Worth,TX,32.70961,-97.36476
228884,Texas College,Tyler,TX,32.37456,-95.31245
228909,University of North Texas Health Science Center,Fort Worth,TX,32.74991,-97.36914
228981,Texas Lutheran University,Seguin,TX,29.57326,-97.98267
229018,The University of Texas Permian Basin,Odessa,TX,31.88951,-102.32963
229027,The University of Texas at San Antonio,San Antonio,TX,29.58371,-98.62066
229063,Texas Southern University,Houston,TX,29.72105,-95.36111
229115,Texas Tech University,Lubbock,TX,33.58345,-101.87478
229160,Texas Wesleyan University,Fort Worth,TX,32.73296,-97.27961
229179,Texas Woman's University,Denton,TX,33.22621,-97.12784
229267,Trinity University,San Antonio,TX,29.46268,-98.48186
229300,The University of Texas Health Science Center at Houston,Houston,TX,29.70287,-95.40318
229337,Texas Tech University Health Sciences Center,Lubbock,TX,33.58928,-101.89191
229355,Tyler Junior College,Tyler,TX,32.33601,-95.28412
229780,Wayland Baptist University,Plainview,TX,34.18768,-101.73004
229799,Weatherford College,Weatherford,TX,32.74133,-97.79263
229814,West Texas A & M University,Canyon,TX,34.98279,-101.91474
229887,Wiley University,Marshall,TX,32.53764,-94.37681
230038,Brigham Young University,Provo,UT,40.25085,-111.64928
230047,Brigham Young University-Hawaii,Laie,HI,21.64207,-157.92659
230171,Utah Tech University,Saint George,UT,37.10277,-113.56590
230366,Eagle Gate College-Murray,Murray,UT,40.64998,-111.90361
230418,Ensign College,Salt Lake City,UT,40.77113,-111.90020
230597,Snow College,Ephraim,UT,39.36018,-111.58296
230603,Southern Utah University,Cedar City,UT,37.67462,-113.07015
230728,Utah State University,Logan,UT,41.74075,-111.81391
230737,Utah Valley University,Orem,UT,40.28108,-111.71646
230764,University of Utah,Salt Lake City,UT,40.76248,-111.84604
230782,Weber State University,Ogden,UT,41.19259,-111.94484
230807,Westminster University,Salt Lake City,UT,40.73078,-111.85576
230816,Bennington College,Bennington,VT,42.91955,-73.23780
230852,Champlain College,Burlington,VT,44.47329,-73.20275
230959,Middlebury College,Middlebury,VT,44.00912,-73.17607
230995,Norwich University,Northfield,VT,44.14024,-72.65978
231059,Saint Michael's College,Colchester,VT,44.49456,-73.16707
231068,SIT Graduate Institute,Brattleboro,VT,42.89104,-72.56738
231095,Sterling College,Craftsbury Common,VT,44.65225,-72.38237
231147,Vermont Law and Graduate School,South Royalton,VT,43.82141,-72.52092
231165,Vermont State University,Randolph,VT,43.93962,-72.60450
231174,University of Vermont,Burlington,VT,44.47733,-73.19665
231420,Averett University,Danville,VA,36.57729,-79.41320
231554,Bluefield University,Bluefield,VA,37.24456,-81.24623
231581,Bridgewater College,Bridgewater,VA,38.37848,-78.96901
231624,William & Mary,Williamsburg,VA,37.26949,-76.70821
231651,Regent University,Virginia Beach,VA,36.80117,-76.19463
231712,Christopher Newport University,Newport News,VA,37.06250,-76.49436
232016,Centura College-Chesapeake,Chesapeake,VA,36.83765,-76.06450
232025,Emory & Henry University,Emory,VA,36.77286,-81.82914
232043,Eastern Mennonite University,Harrisonburg,VA,38.47113,-78.88033
232089,Ferrum College,Ferrum,VA,36.92643,-80.02061
232186,George Mason University,Fairfax,VA,38.83195,-77.30706
232256,Hampden-Sydney College,Hampden-Sydney,VA,37.24062,-78.46422
232265,Hampton University,Hampton,VA,37.01994,-76.33916
232308,Hollins University,Roanoke,VA,37.35420,-79.94328
232423,James Madison University,Harrisonburg,VA,38.43631,-78.87048
232557,Liberty University,Lynchburg,VA,37.35023,-79.18222
232566,Longwood University,Farmville,VA,37.29798,-78.39699
232609,University of Lynchburg,Lynchburg,VA,37.39977,-79.18165
232618,Centra College,Lynchburg,VA,37.40510,-79.17410
232672,Mary Baldwin University,Staunton,VA,38.15388,-79.06927
232681,University of Mary Washington,Fredericksburg,VA,38.30249,-77.47605
232706,Marymount University,Arlington,VA,38.90556,-77.12878
232797,American National University,Salem,VA,37.29974,-80.02360
232885,Sentara College of Health Sciences,Chesapeake,VA,36.77704,-76.24331
232937,Norfolk State University,Norfolk,VA,36.84843,-76.26137
232982,Old Dominion University,Norfolk,VA,36.88642,-76.30666
233277,Radford University,Radford,VA,37.13691,-80.54973
233295,Randolph-Macon College,Ashland,VA,37.76043,-77.47842
233301,Randolph College,Lynchburg,VA,37.43732,-79.17189
233356,Bon Secours Memorial College of Nursing,Richmond,VA,37.64670,-77.43357
233374,University of Richmond,University of Richmond,VA,37.57739,-77.53881
233408,Riverside College of Health Sciences,Newport News,VA,37.03497,-76.45616
233426,Roanoke College,Salem,VA,37.29486,-80.05547
233541,Shenandoah University,Winchester,VA,39.16736,-78.15743
233602,Southeastern Free Will Baptist Bible College,Wendell,NC,35.80023,-78.41640
233611,Southern Virginia University,Buena Vista,VA,37.74037,-79.35037
233718,Sweet Briar College,Sweet Briar,VA,37.55673,-79.08101
233842,Union Presbyterian Seminary,Richmond,VA,37.57893,-77.44931
233897,University of Virginia's College at Wise,Wise,VA,36.97060,-82.55966
233921,Virginia Polytechnic Institute and State University,Blacksburg,VA,37.22901,-80.42367
234030,Virginia Commonwealth University,Richmond,VA,37.54962,-77.45270
234076,University of Virginia-Main Campus,Charlottesville,VA,38.03567,-78.50343
234085,Virginia Military Institute,Lexington,VA,37.78960,-79.43707
234137,Virginia University of Lynchburg,Lynchburg,VA,37.39519,-79.15162
234155,Virginia State University,Petersburg,VA,37.23469,-77.41903
234164,Virginia Union University,Richmond,VA,37.56241,-77.45090
234173,Virginia Wesleyan University,Virginia Beach,VA,36.86842,-76.18606
234207,Washington and Lee University,Lexington,VA,37.78894,-79.44302
234669,Bellevue College,Bellevue,WA,47.58401,-122.15012
234696,Bellingham Technical College,Bellingham,WA,48.76619,-122.51216
234711,Big Bend Community College,Moses Lake,WA,47.18365,-119.32568
234827,Central Washington University,Ellensburg,WA,47.00269,-120.53837
234845,Centralia College,Centralia,WA,46.71502,-122.96059
234915,City University of Seattle,Seattle,WA,47.61738,-122.34459
234933,Clark College,Vancouver,WA,45.63613,-122.65126
234951,Clover Park Technical College,Lakewood,WA,47.17608,-122.49787
234979,Columbia Basin College,Pasco,WA,46.25216,-119.12103
235097,Eastern Washington University,Cheney,WA,47.49067,-117.58381
235103,Edmonds College,Lynnwood,WA,47.81638,-122.32760
235149,Everett Community College,Everett,WA,48.00663,-122.20474
235167,The Evergreen State College,Olympia,WA,47.07382,-122.97749
235237,Pierce College District,Lakewood,WA,47.17208,-122.57093
235316,Gonzaga University,Spokane,WA,47.66653,-117.40062
235334,Grays Harbor College,Aberdeen,WA,46.95388,-123.80307
235343,Green River College,Auburn,WA,47.31365,-122.17582
235422,Heritage University,Toppenish,WA,46.37480,-120.39497
235431,Highline College,Des Moines,WA,47.38823,-122.30306
235547,Bastyr University,Kenmore,WA,47.72994,-122.25171
235671,Bates Technical College,Tacoma,WA,47.25174,-122.44683
235699,Lake Washington Institute of Technology,Kirkland,WA,47.70508,-122.16713
235750,Lower Columbia College,Longview,WA,46.14214,-122.93593
236072,North Seattle College,Seattle,WA,47.69841,-122.33358
236133,Northwest University,Kirkland,WA,47.65795,-122.19276
236188,Olympic College,Bremerton,WA,47.57477,-122.63511
236230,Pacific Lutheran University,Tacoma,WA,47.14516,-122.44042
236258,Peninsula College,Port Angeles,WA,48.10130,-123.41286
236328,University of Puget Sound,Tacoma,WA,47.26308,-122.47898
236382,Renton Technical College,Renton,WA,47.48921,-122.17630
236452,Saint Martin's University,Lacey,WA,47.04107,-122.81635
236504,South Seattle College,Seattle,WA,47.54750,-122.35267
236513,Seattle Central College,Seattle,WA,47.61675,-122.32123
236577,Seattle Pacific University,Seattle,WA,47.65021,-122.36167
236595,Seattle University,Seattle,WA,47.60886,-122.31885
236610,Shoreline College,Shoreline,WA,47.74740,-122.35863
236638,Skagit Valley College,Mount Vernon,WA,48.43719,-122.30894
236656,South Puget Sound Community College,Olympia,WA,47.02370,-122.92958
236692,Spokane Community College,Spokane,WA,47.67403,-117.36006
236708,Spokane Falls Community College,Spokane,WA,47.67674,-117.46354
236753,Tacoma Community College,Tacoma,WA,47.24462,-122.52479
236887,Walla Walla Community College,Walla Walla,WA,46.07856,-118.27650
236896,Walla Walla University,College Place,WA,46.04809,-118.38955
236939,Washington State University,Pullman,WA,46.73045,-117.15817
236948,University of Washington-Seattle Campus,Seattle,WA,47.65538,-122.30514
236975,Wenatchee Valley College,Wenatchee,WA,47.43123,-120.33720
237011,Western Washington University,Bellingham,WA,48.73781,-122.48573
237039,Whatcom Community College,Bellingham,WA,48.79390,-122.49325
237057,Whitman College,Walla Walla,WA,46.06982,-118.33155
237066,Whitworth University,Spokane,WA,47.75336,-117.41671
237109,Yakima Valley College,Yakima,WA,46.58610,-120.52852
237136,Appalachian Bible College,Mount Hope,WV,37.85334,-81.19887
237181,Bethany College,Bethany,WV,40.20582,-80.56006
237215,Bluefield State University,Bluefield,WV,37.26573,-81.23904
237312,University of Charleston,Charleston,WV,38.33337,-81.61624
237330,Concord University,Athens,WV,37.42372,-81.00670
237358,Davis & Elkins College,Elkins,WV,38.93123,-79.84602
237367,Fairmont State University,Fairmont,WV,39.48308,-80.16243
237385,Glenville State University,Glenville,WV,38.93547,-80.83429
237525,Marshall University,Huntington,WV,38.42248,-82.42896
237686,West Virginia University at Parkersburg,Parkersburg,WV,39.21638,-81.50619
237783,Salem University,Salem,WV,39.28863,-80.57177
237792,Shepherd University,Shepherdstown,WV,39.43307,-77.80410
237880,West Virginia School of Osteopathic Medicine,Lewisburg,WV,37.80427,-80.43782
237899,West Virginia State University,Institute,WV,38.38054,-81.76503
237905,West Virginia University Hospital Departments of Rad Tech and Nutrition,Morgantown,WV,39.65427,-79.95796
237932,West Liberty University,West Liberty,WV,40.16442,-80.60226
237969,West Virginia Wesleyan College,Buckhannon,WV,38.99066,-80.21897
237996,West Virginia Junior College-Morgantown,Morgantown,WV,39.63248,-79.95501
238032,West Virginia University,Morgantown,WV,39.63437,-79.95439
238078,Wheeling University,Wheeling,WV,40.07087,-80.69080
238193,Alverno College,Milwaukee,WI,42.98284,-87.96517
238324,Bellin College,Green Bay,WI,44.46828,-87.92172
238333,Beloit College,Beloit,WI,42.50402,-89.02928
238458,Carroll University,Waukesha,WI,43.00453,-88.22811
238476,Carthage College,Kenosha,WI,42.62297,-87.82092
238616,Concordia University-Wisconsin,Mequon,WI,43.25339,-87.91552
238661,Edgewood University,Madison,WI,43.05706,-89.42288
238980,Lakeland University,Plymouth,WI,43.84157,-87.88341
239017,Lawrence University,Appleton,WI,44.26132,-88.39782
239071,Maranatha Baptist University,Watertown,WI,43.19501,-88.73702
239080,Marian University,Fond Du Lac,WI,43.77741,-88.42064
239105,Marquette University,Milwaukee,WI,43.03903,-87.92796
239169,Medical College of Wisconsin,Milwaukee,WI,43.04453,-88.02267
239309,Milwaukee Institute of Art & Design,Milwaukee,WI,43.03092,-87.90792
239318,Milwaukee School of Engineering,Milwaukee,WI,43.04536,-87.90769
239390,Mount Mary University,Milwaukee,WI,43.07251,-88.03073
239424,Nashotah House,Nashotah,WI,43.08219,-88.42374
239628,Ripon College,Ripon,WI,43.84414,-88.84233
239637,Sacred Heart Seminary and School of Theology,Franklin,WI,42.91083,-88.04438
239716,Saint Norbert College,De Pere,WI,44.44483,-88.06781
240107,Viterbo University,La Crosse,WI,43.80313,-91.24430
240189,University of Wisconsin-Whitewater,Whitewater,WI,42.83556,-88.74237
240213,Wisconsin School of Professional Psychology,Milwaukee,WI,43.10534,-88.02673
240268,University of Wisconsin-Eau Claire,Eau Claire,WI,44.79828,-91.50191
240277,University of Wisconsin-Green Bay,Green Bay,WI,44.53230,-87.91997
240329,University of Wisconsin-La Crosse,La Crosse,WI,43.81568,-91.23186
240338,Wisconsin Lutheran College,Milwaukee,WI,43.03694,-88.02272
240365,University of Wisconsin-Oshkosh,Oshkosh,WI,44.02621,-88.54937
240374,University of Wisconsin-Parkside,Kenosha,WI,42.64772,-87.85523
240392,Herzing University-Madison,Madison,WI,43.14415,-89.29156
240417,University of Wisconsin-Stout,Menomonie,WI,44.87319,-91.92665
240426,University of Wisconsin-Superior,Superior,WI,46.71763,-92.09101
240444,University of Wisconsin-Madison,Madison,WI,43.07541,-89.40410
240453,University of Wisconsin-Milwaukee,Milwaukee,WI,43.07685,-87.88049
240462,University of Wisconsin-Platteville,Platteville,WI,42.73345,-90.48622
240471,University of Wisconsin-River Falls,River Falls,WI,44.85340,-92.62264
240480,University of Wisconsin-Stevens Point,Stevens Point,WI,44.52958,-89.57093
240514,Central Wyoming College,Riverton,WY,43.03056,-108.42674
240620,Laramie County Community College,Cheyenne,WY,41.10429,-104.77879
240657,Northwest College,Powell,WY,44.76066,-108.76185
240666,Northern Wyoming Community College District,Sheridan,WY,44.76393,-106.94110
240693,Western Wyoming Community College,Rock Springs,WY,41.59096,-109.23713
240727,University of Wyoming,Laramie,WY,41.31177,-105.57931
240736,American Samoa Community College,Pago Pago,AS,-14.32264,-170.74277
240745,Guam Community College,Mangilao,GU,13.44065,144.80894
240754,University of Guam,Mangilao,GU,13.43305,144.80398
240790,Northern Marianas College,Saipan,MP,15.15225,145.72173
241191,Universidad Adventista de las Antillas,Mayaguez,PR,18.20569,-67.11121
241216,Atlantic University,Guaynabo,PR,18.35740,-66.11171
241225,Universidad Central de Bayamon,Bayamón,PR,18.39886,-66.18077
241331,Albizu University-San Juan,San Juan,PR,18.46657,-66.11391
241377,Caribbean University-Bayamon,Bayamon,PR,18.38314,-66.16832
241410,Pontifical Catholic University of Puerto Rico-Ponce,Ponce,PR,18.00165,-66.61714
241517,CEM College-San Juan,San Juan,PR,18.39395,-66.03580
241614,Universidad Teologica del Caribe,Trujillo Alto,PR,18.37393,-66.01062
241720,Colegio Universitario de San Juan,San Juan,PR,18.42853,-66.06653
241739,Universidad Ana G. Mendez-Cupey Campus,San Juan,PR,18.38718,-66.06165
241766,Puerto Rico Conservatory of Music,San Juan,PR,18.45402,-66.07881
241793,Center for Advanced Studies On Puerto Rico and the Caribbean,San Juan,PR,18.46657,-66.11841
241951,Escuela de Artes Plasticas y Diseno de Puerto Rico,San Juan,PR,18.46778,-66.12135
242112,Huertas College,Caguas,PR,18.23615,-66.02557
242121,Humacao Community College,Humacao,PR,18.14827,-65.82686
242617,Inter American University of Puerto Rico-San German,San German,PR,18.08353,-67.05082
242626,Inter American University of Puerto Rico-Aguadilla,Aguadilla,PR,18.46789,-67.12167
242635,Inter American University of Puerto Rico-Arecibo,Arecibo,PR,18.47509,-66.75901
242644,Inter American University of Puerto Rico-Barranquitas,Barranquitas,PR,18.18278,-66.30315
242653,Inter American University of Puerto Rico-Metro,San Juan,PR,18.36899,-66.07771
242662,Inter American University of Puerto Rico-Ponce,Mercedita,PR,18.00739,-66.57850
242680,Inter American University of Puerto Rico-Fajardo,Fajardo,PR,18.32922,-65.64805
242699,Inter American University of Puerto Rico-Guayama,Guayama,PR,17.96635,-66.10816
242705,Inter American University of Puerto Rico-Bayamon,Bayamon,PR,18.35163,-66.18247
242723,Inter American University of Puerto Rico-School of Law,San Juan,PR,18.42815,-66.07266
242972,NUC University,Bayamon,PR,18.39687,-66.15703
243081,Ponce Health Sciences University,Ponce,PR,17.99320,-66.62031
243106,University of Puerto Rico-Aguadilla,Aguadilla,PR,18.49865,-67.13793
243115,University of Puerto Rico-Arecibo,Arecibo,PR,18.46920,-66.74114
243133,University of Puerto Rico,Bayamon,PR,18.37140,-66.14354
243142,University of Puerto Rico-Carolina,Carolina,PR,18.39207,-65.99016
243151,University of Puerto Rico at Cayey,Cayey,PR,18.11882,-66.16207
243179,University of Puerto Rico-Humacao,Humacao,PR,18.14659,-65.83860
243188,University of Puerto Rico-Utuado,Utuado,PR,18.25458,-66.72167
243197,University of Puerto Rico-Mayaguez,Mayaguez,PR,18.21114,-67.13917
243203,University of Puerto Rico-Medical Sciences,San Juan,PR,18.39655,-66.07489
243212,University of Puerto Rico at Ponce,Ponce,PR,17.99331,-66.60622
243221,University of Puerto Rico-Rio Piedras,San Juan,PR,18.40283,-66.05001
243346,Universidad Ana G. Mendez-Carolina Campus,Carolina,PR,18.41481,-65.98387
243443,Universidad del Sagrado Corazon,Santurce,PR,18.44117,-66.05962
243498,Seminario Evangelico de Puerto Rico,San Juan,PR,18.40645,-66.05265
243568,Universidad Central Del Caribe,Bayamon,PR,18.36617,-66.15376
243577,Universidad Politecnica de Puerto Rico,Hato Rey,PR,18.42219,-66.05608
243601,Universidad Ana G. Mendez-Gurabo Campus,Gurabo,PR,18.23965,-66.00626
243638,College of Micronesia-FSM,Pohnpei,FM,6.90976,158.15819
243665,University of the Virgin Islands,Charlotte Amalie,VI,18.34419,-64.97287
243744,Stanford University,Stanford,CA,37.42943,-122.16736
243780,Purdue University-Main Campus,West Lafayette,IN,40.42821,-86.91443
243823,Parker University,Dallas,TX,32.88034,-96.89356
243832,EDP University of Puerto Rico Inc-San Juan,San Juan,PR,18.41538,-66.05540
245652,St. John's College,Santa Fe,NM,35.66697,-105.91248
245777,Bais Medrash Elyon,Monsey,NY,41.11408,-74.06980
245892,Antioch University,Yellow Springs,OH,39.80321,-83.90868
245953,Mid-America Christian University,Oklahoma City,OK,35.34779,-97.57830
246354,Palo Alto College,San Antonio,TX,29.32296,-98.54347
246789,HJ International Graduate School for Peace and Public Leadership,New York,NY,40.75431,-73.98115
247065,Beckfield College-Florence,Florence,KY,39.01717,-84.64147
247162,Ecumenical Theological Seminary,Detroit,MI,42.34413,-83.05527
247649,Landmark College,Putney,VT,42.97717,-72.51255
247773,Yeshiva Gedolah of Greater Detroit,Oak Park,MI,42.47192,-83.20075
247834,Collin County Community College District,McKinney,TX,33.16241,-96.63894
248934,ECPI University,Virginia Beach,VA,36.84253,-76.17877
260372,Lac Courte Oreilles Ojibwe University,Hayward,WI,45.94225,-91.36500
260789,Platt College-Los Angeles,Alhambra,CA,34.08172,-118.15001
262086,University of Massachusetts Global,Aliso Viejo,CA,33.58289,-117.72774
262129,New College of Florida,Sarasota,FL,27.38493,-82.55858
262165,Montana Bible College,Billings,MT,45.74179,-108.61567
363712,Yeshivah Gedolah Rabbinical College,Miami Beach,FL,25.78245,-80.14133
363934,University of Advancing Technology,Tempe,AZ,33.37771,-111.97609
364016,Paradise Valley Community College,Phoenix,AZ,33.65214,-112.00986
364025,Chandler-Gilbert Community College,Chandler,AZ,33.29390,-111.79592
366003,South Florida Bible College and Theological Seminary,Deerfield Beach,FL,26.30294,-80.13451
366252,Pennsylvania College of Technology,Williamsport,PA,41.23415,-77.02366
366340,Stone Child College,Box Elder,MT,48.28981,-109.87018
366368,New York Academy of Art,New York,NY,40.71839,-74.00602
366711,California State University-San Marcos,San Marcos,CA,33.13057,-117.15901
367954,University of St. Augustine for Health Sciences,San Marcos,CA,33.15185,-117.16596
368452,Nossi College of Art and Design,Nashville,TN,36.24323,-86.73856
369002,Massachusetts School of Law,Andover,MA,42.68211,-71.19954
369516,Bryan University,Springfield,MO,37.13540,-93.24811
372073,Fremont University,Cerritos,CA,33.86838,-118.09702
374024,Adler Graduate School,Minnetonka,MN,44.89348,-93.41024
375230,Yeshiva Gedolah Imrei Yosef D'spinka,Brooklyn,NY,40.62847,-73.99233
376385,Universal Technology College of Puerto Rico,Aguadilla,PR,18.42812,-67.15563
376695,College of the Marshall Islands,Majuro,MH,7.10269,171.37813
377546,Northwest College of Art & Design,Tacoma,WA,47.25249,-122.43885
377661,Valley College-Martinsburg,Martinsburg,WV,39.48690,-77.95927
378576,Pacific College of Health and Science,San Diego,CA,32.77839,-117.16073
379782,Center for Advanced Legal Studies,Houston,TX,29.75302,-95.55883
380359,Bay Mills Community College,Brimley,MI,46.45482,-84.60631
380368,Fond du Lac Tribal and Community College,Cloquet,MN,46.69007,-92.45133
380377,Northwest Indian College,Bellingham,WA,48.79413,-122.61466
380438,Provo College,Provo,UT,40.24529,-111.68431
381352,Colorado Chinese Medicine University,Denver,CO,39.73944,-104.96012
381459,Phoenix Seminary,Scottsdale,AZ,33.58165,-111.91066
383020,Midwest College of Oriental Medicine-Racine,Racine,WI,42.67805,-87.85668
384254,Beacon College,Leesburg,FL,28.81128,-81.87415
384306,Acupuncture and Integrative Medicine College-Berkeley,Berkeley,CA,37.86275,-122.26764
384412,University of the Potomac-Washington DC Campus,Washington,DC,38.90054,-77.03253
384421,Rabbi Jacob Joseph School,Edison,NJ,40.50100,-74.39795
385415,Albert Einstein College of Medicine,Bronx,NY,40.85285,-73.84633
385619,Everglades University,Boca Raton,FL,26.39122,-80.10833
388520,College of Biblical Studies-Houston,Houston,TX,29.71668,-95.50656
392257,The College of Health Care Professions-Northwest,Houston,TX,29.83625,-95.48520
399869,Southern California Institute of Technology,Anaheim,CA,33.83810,-117.95066
399911,Soka University of America,Aliso Viejo,CA,33.55455,-117.73534
401223,World Mission University,Los Angeles,CA,34.06492,-118.28948
401250,Yo San University of Traditional Chinese Medicine,Los Angeles,CA,33.99329,-118.44276
404222,Inter American University of Puerto Rico-School of Optometry,Bayamon,PR,18.35163,-66.18247
404338,Schiller International University,Tampa,FL,27.94787,-82.45929
405058,Yeshivas Novominsk,Brooklyn,NY,40.62340,-73.98997
405854,Rabbinical College of Ohr Shimon Yisroel,Brooklyn,NY,40.70439,-73.95677
407610,Pacific Bible College,Medford,OR,42.32618,-122.88061
407629,Lake Erie College of Osteopathic Medicine,Erie,PA,42.08070,-80.10597
408844,Florida National University-Main Campus,Hialeah,FL,25.86178,-80.32185
409254,Erikson Institute,Chicago,IL,41.89066,-87.63218
409315,South Texas College,McAllen,TX,26.21759,-98.25363
409698,California State University-Monterey Bay,Seaside,CA,36.65240,-121.79618
413413,Capella University,Minneapolis,MN,44.97629,-93.26880
413617,College of Menominee Nation,Keshena,WI,44.85904,-88.62563
414966,Phillips Theological Seminary,Tulsa,OK,36.16798,-95.86815
416801,The University of Texas MD Anderson Cancer Center,Houston,TX,29.70702,-95.39680
417734,Southeast Missouri Hospital College of Nursing and Health Sciences,Cape Girardeau,MO,37.30245,-89.54587
417752,Messenger College,Bedford,TX,32.85076,-97.16101
418126,New York College of Health Professions,Syosset,NY,40.81113,-73.51534
420246,Sonoran University of Health Sciences,Tempe,AZ,33.40789,-111.89442
420325,Yeshiva D'monsey Rabbinical College,Monsey,NY,41.11417,-74.06472
420398,Northwest Vista College,San Antonio,TX,29.47131,-98.70513
420705,Bakke Graduate University,Dallas,TX,32.89461,-96.75398
421708,Arizona College of Nursing-Tempe,Tempe,AZ,33.40308,-111.96581
421878,Eastern International College-Jersey City,Jersey City,NJ,40.73518,-74.06045
422695,Pacific College,Costa Mesa,CA,33.68004,-117.87338
423120,Compu-Med Vocational Careers Corp,Hialeah,FL,25.84845,-80.30691
428170,Southeastern College-Boynton Beach,Boynton Beach,FL,26.70222,-80.08597
429085,American College of Acupuncture and Oriental Med,Houston,TX,29.73575,-95.52476
430670,San Juan Bautista School of Medicine,Caguas,PR,18.22053,-66.05039
430704,Texas Health and Science University,Austin,TX,30.23314,-97.78529
431983,Yeshiva of the Telshe Alumni,Riverdale,NY,40.89667,-73.91110
432348,Appalachian School of Law,Grundy,VA,37.27767,-82.09565
433004,American University of Health Sciences,Signal Hill,CA,33.79685,-118.17137
433013,Career Networks Institute,Santa Ana,CA,33.72106,-117.84780
433174,Carolinas College of Health Sciences,Charlotte,NC,35.18186,-80.92751
433387,Western Governors University,Salt Lake City,UT,40.68481,-111.86975
433420,California Aeronautical University,Bakersfield,CA,35.43491,-119.04926
433660,Florida Gulf Coast University,Fort Myers,FL,26.46364,-81.77260
434441,Florida College of Integrative Medicine,Orlando,FL,28.46359,-81.40176
434584,Ilisagvik College,Barrow,AK,71.32470,-156.67949
434937,Yeshiva College of the Nations Capital,Silver  Spring,MD,39.04240,-77.03057
435000,Louisiana State University Health Sciences Center-Shreveport,Shreveport,LA,32.48068,-93.76102
436429,Los Angeles Film School,Hollywood,CA,34.09834,-118.32840
436614,International Baptist College and Seminary,Chandler,AZ,33.27379,-111.87963
437097,University of Management and Technology,Arlington,VA,38.89743,-77.07200
439190,Cascadia College,Bothell,WA,47.76092,-122.19157
439367,CBD College,Los Angeles,CA,34.06231,-118.30622
439446,Atlantic Institute of Oriental Medicine,Fort Lauderdale,FL,26.12196,-80.14223
439701,The King's University,Southlake,TX,32.93973,-97.12153
439783,New York College of Traditional Chinese Medicine,Mineola,NY,40.73945,-73.63891
439817,Northeastern Seminary,Rochester,NY,43.12287,-77.80070
439862,Pacific Islands University,Mangilao,GU,13.46505,144.83582
439871,PCI College,Cerritos,CA,33.87475,-118.10017
439914,Seattle Institute of East Asian Medicine,Seattle,WA,47.54495,-122.32540
440004,Upper Valley Educators Institute,Lebanon,NH,43.63760,-72.23082
440031,Keck Graduate Institute,Claremont,CA,34.09333,-117.72351
440396,New Saint Andrews College,Moscow,ID,46.73142,-117.00180
440651,Atenas University,Manati,PR,18.42978,-66.48842
440794,Pillar College,Newark,NJ,40.73854,-74.16915
441104,Richmont Graduate University,Chattanooga,TN,35.03634,-85.27464
441131,The Seattle School of Theology & Psychology,Seattle,WA,47.61337,-122.35094
441229,Smith Chason College,Los Angeles,CA,34.06141,-118.30284
441609,Yeshiva Shaarei Torah of Rockland,Suffern,NY,41.12362,-74.09016
441636,American Institute of Alternative Medicine,Columbus,OH,40.10244,-82.98873
441690,Universidad Pentecostal Mizpa,Rio Piedras,PR,18.35826,-66.08512
441900,Nevada State University,Henderson,NV,35.98235,-114.93804
441937,California State University-Channel Islands,Camarillo,CA,34.16295,-119.04356
441982,Franklin W Olin College of Engineering,Needham,MA,42.29353,-71.26338
442064,Won Institute of Graduate Studies,Warminster,PA,40.20112,-75.07894
442295,Ave Maria School of Law,Naples,FL,26.24214,-81.73136
442426,St Louis College of Health Careers-Fenton,Fenton,MO,38.54464,-90.47090
442569,University of Arkansas Grantham,LIttle Rock,AR,34.77600,-92.34358
442806,Edward Via College of Osteopathic Medicine,Blacksburg,VA,37.19975,-80.40609
443030,Endeavor Health School of Nurse Anesthesia-DePaul University,Evanston,IL,42.06555,-87.68444
443049,Faith International University,Tacoma,WA,47.28017,-122.51687
443058,Family of Faith Christian University,Shawnee,OK,35.46223,-96.90141
443076,Hood Theological Seminary,Salisbury,NC,35.64460,-80.48064
443331,West Coast University-Texas,Richardson,TX,34.18713,-118.39941
443340,Williamson Christian College,Franklin,TN,35.95616,-86.82831
443410,DigiPen Institute of Technology,Redmond,WA,47.68871,-122.15060
443571,InterCoast Colleges-West Covina,West Covina,CA,34.07336,-117.89715
443599,American College of Healthcare Sciences,Portland,OR,45.48690,-122.67586
443650,Miller-Motte College-Chattanooga,Chattanooga,TN,35.03429,-85.18192
443702,Bexley Hall Seabury Western Theological Seminary Federation Inc.,Chicago,IL,41.78570,-87.59118
444103,Byzantine Catholic Seminary of Saints Cyril and Methodius,Pittsburgh,PA,40.48441,-80.01583
444130,Northcentral University,San Diego,CA,32.82930,-117.12730
444325,ATI College-Whittier,Whitter,CA,33.94836,-118.00369
444334,Advance Science International College,Miami Lakes,FL,25.92471,-80.28457
444398,Baptist University of the Americas,San Antonio,TX,29.34292,-98.54122
444413,Beis Medrash Heichal Dovid,Far Rockaway,NY,40.59685,-73.75163
444565,Culinary Institute Inc,Houston,TX,29.82362,-95.37863
444699,Institute of Clinical Acupuncture & Oriental Medicine,Honolulu,HI,21.31360,-157.86111
444778,Charlotte Christian College and Theological Seminary,Charlotte,NC,35.15966,-80.73719
444787,Nightingale College,Salt Lake City,UT,40.76747,-111.88792
445027,American InterContinental University System,Chandler,AZ,33.27882,-111.80404
445054,Toyota Technological Institute at Chicago,Chicago,IL,41.78472,-87.59268
445188,University of California-Merced,Merced,CA,37.36624,-120.42494
445692,Neumont College of Computer Science,Salt Lake City,UT,40.76610,-111.89057
445735,Roseman University of Health Sciences,Henderson,NV,36.07318,-115.06463
445869,Divine Mercy University,Sterling,VA,38.97973,-77.43758
446002,American Academy of Health and Wellness,Roseville,MN,45.00821,-93.15793
446039,Arizona School of Acupuncture and Oriental Medicine,Tucson,AZ,32.26456,-110.92912
446048,Ave Maria University,Ave Maria,FL,26.33598,-81.43894
446109,Cambridge College of Healthcare & Technology,Altamonte Springs,FL,28.66306,-81.37572
446224,Eastern School of Acupuncture and Traditional Medicine,Bloomfield,NJ,40.79361,-74.19716
446233,Ecclesia College,Springdale,AR,36.21410,-94.23664
446385,Los Angeles College of Music,Pasadena,CA,34.13929,-118.15011
446525,SAE Institute of Technology-Nashville,Nashville,TN,36.15039,-86.79045
446561,Stanbridge University,Irvine,CA,33.67888,-117.85764
446604,Uta Mesivta of Kiryas Joel,Monroe,NY,41.33386,-74.16118
446640,Harrisburg University of Science and Technology,Harrisburg,PA,40.26193,-76.88026
447014,Daytona College,Ormond Beach,FL,29.27009,-81.08016
447050,United States University,Sandy Springs,CA,32.76115,-117.16217
447263,Joyce University of Nursing and Health Sciences,Draper,UT,40.52793,-111.89279
447689,Georgia Gwinnett College,Lawrenceville,GA,33.97941,-84.00459
447698,Phoenix Institute of Herbal Medicine & Acupuncture,Phoenix,AZ,33.52289,-112.06878
447713,California Career College,Canoga Park,CA,34.19757,-118.60179
447801,University of East-West Medicine,Sunnyvale,CA,37.38640,-121.99701
447953,SUM Bible College and Theological Seminary,El Dorado Hills,CA,38.62083,-121.05476
448239,Careers Unlimited,Orem,UT,40.27578,-111.73101
448691,International Institute for Restorative Practices,Bethlehem,PA,40.62132,-75.38220
449339,American Public University System,Charles Town,WV,39.28783,-77.86012
449348,Huntsville Bible College,Huntsville,AL,34.75036,-86.59489
449384,Gnomon,North Hollywood,CA,34.18192,-118.39448
449481,Dragon Rises College of Oriental Medicine,Bradenton,FL,27.41964,-82.57513
449658,Bais Medrash Toras Chesed,Lakewood,NJ,40.09970,-74.21127
449764,Visible Music College,Memphis,TN,35.14459,-90.04938
449834,Virginia Beach Theological Seminary,Virginia Beach,VA,36.76599,-76.18947
449870,University of the West,Rosemead,CA,34.04599,-118.08296
449889,American College of Education,Indianapolis,IN,39.76975,-86.16016
449922,Appalachian College of Pharmacy,Oakwood,VA,37.21163,-82.00620
450933,Columbia Southern University,Orange Beach,AL,30.32929,-87.65316
451079,Academy for Five Element Acupuncture,Gainesville,FL,29.65009,-82.32181
451103,Miami Regional University,Miami Springs,FL,25.81067,-80.26701
451370,Yeshivas Be'er Yitzchok,Elizabeth,NJ,40.68247,-74.21325
451398,Yeshiva Toras Chaim,Lakewood,NJ,40.09869,-74.18214
451404,Talmudical Seminary of Bobov,Brooklyn,NY,40.63449,-73.99538
451510,Charleston School of Law,Charleston,SC,32.79094,-79.93738
451556,Southwest University at El Paso,El Paso,TX,31.78686,-106.41187
451927,Patrick Henry College,Purcellville,VA,39.13869,-77.69094
454227,Chamberlain University-Illinois,Addison,IL,41.94973,-88.03856
454689,Taft University System,Denver,CO,39.69253,-104.94121
454786,Laurus College,San Luis Obispo,CA,35.26820,-120.66952
454829,Aspen University,Phoenix,AZ,33.41216,-111.98132
454838,Institute of Taoist Education and Acupuncture,Louisville,CO,39.98768,-105.13943
454856,Denver College of Nursing,Denver,CO,39.75303,-104.99472
454865,Cambridge College of Healthcare & Technology,Delray Beach,FL,26.43838,-80.12379
455099,Urshan Graduate School of Theology,Wentzville,MO,38.80803,-90.83025
455114,College of Western Idaho,Nampa,ID,43.61411,-116.50731
455178,Daoist Traditions College of Chinese Medical Arts,Asheville,NC,35.60683,-82.56854
455257,Yeshiva of Machzikai Hadas,Brooklyn,NY,40.63610,-73.99059
455406,Pacific Northwest University of Health Sciences,Yakima,WA,46.60287,-120.45598
455664,The Chicago School at Los Angeles,Los Angeles,CA,34.04948,-118.25704
455770,Providence Christian College,Pasadena,CA,34.14933,-118.14106
455804,Institute of World Politics,Washington,DC,38.91054,-77.03611
455813,Pontifical John Paul II Institute for Studies on Marriage and Family,Washington,DC,38.93325,-76.99861
455992,Vermont College of Fine Arts,Montpelier,VT,44.25521,-72.56762
456542,Geisinger Commonwealth School of Medicine,Scranton,PA,41.41342,-75.65548
457086,Homestead Schools,Torrance,CA,33.80910,-118.35009
457226,Horizon University,Indianapolis,IN,39.89465,-85.98681
457271,Academy for Jewish Religion California,Los Angeles,CA,33.97085,-118.41574
457299,Angeles College,Los Angeles,CA,34.06122,-118.29903
457402,University of Fort Lauderdale,Lauderhill,FL,26.14710,-80.20494
457484,Pacific Rim Christian University,Honolulu,HI,21.32820,-157.88838
457527,Ambria College of Nursing,Hoffman Estates,IL,42.07563,-88.21090
457697,City Vision University,Kansas City,MO,39.10116,-94.56947
458113,Ascent College,Gainesville,VA,38.80599,-77.62466
459204,Unitek College,Fremont,CA,37.50904,-121.96176
459213,Gurnick Academy of Medical Arts,San Jose,CA,37.36429,-121.91299
459727,Touro University Worldwide,Los Alamitos,CA,33.80868,-118.05775
459736,Touro University California,Vallejo,CA,38.08548,-122.26395
459949,Texas A&M University-San Antonio,San Antonio,TX,29.30476,-98.52417
461023,Crestpoint University,Phoenix,AZ,33.53066,-112.06427
461032,Carolina College of Biblical Studies,Fayetteville,NC,35.05141,-78.93951
461120,Omega Graduate School,Dayton,TN,35.46814,-85.05377
461139,Jung Tao School of Classical Chinese Medicine,Sugar Grove,NC,36.26323,-81.78530
461148,New York Film Academy,Burbank,CA,34.15208,-118.33557
461263,American Medical Sciences Center,Glendale,CA,34.14712,-118.25699
461281,Jose Maria Vargas University,Pembroke Pines,FL,26.00966,-80.28155
461485,Shepherds Theological Seminary,Cary,NC,35.74433,-78.74262
461528,Manna University,Fayetteville,NC,35.05862,-78.96130
461759,Simmons College of Kentucky,Louisville,KY,38.23952,-85.76481
461795,North American University,Stafford,TX,29.64630,-95.58834
461847,Keser Torah-Mayan Hatalmud,Lakewood,NJ,40.09837,-74.17029
461883,Millennia Atlantic University,Doral,FL,25.80813,-80.35272
462044,Institute for Doctoral Studies in the Visual Arts,Portland,ME,43.66140,-70.25174
462354,John Paul the Great Catholic University,Escondido,CA,33.12085,-117.08240
474863,Los Angeles Pacific University,Glendora,CA,34.11072,-117.82748
475033,Relay Graduate School of Education,New York,NY,40.70563,-74.01395
475398,Catholic International University,Charles Town,WV,39.28731,-77.85924
475495,Rocky Mountain University of Health Professions,Provo,UT,40.21033,-111.65565
475608,Criswell College,Dallas,TX,32.79351,-96.77669
475714,American Medical Academy,Miami,FL,25.66273,-80.39336
475839,Sessions College,Tempe,AZ,33.42682,-111.94081
476601,Bais HaMedrash and Mesivta of Baltimore,Baltimore,MD,39.37953,-76.67441
476692,Yeshiva Gedolah Zichron Leyma,Union,NJ,40.69920,-74.26835
476717,Be'er Yaakov Talmudic Seminary,Spring Valley,NY,41.13821,-74.02957
476975,Colorado State University Global,Denver,CO,39.74541,-104.98925
480781,California Miramar University,San Diego,CA,32.77942,-117.11851
480790,Rocky Vista University,Parker,CO,39.56352,-104.81503
480985,Midwives College of Utah,Salt Lake City,UT,40.71089,-111.85704
481030,Future Generations University,Franklin,WV,38.70907,-79.40542
481058,Grace Mission University,Fullerton,CA,33.86766,-117.95821
481094,Sotheby's Institute of Art-NY,New York,NY,40.75699,-73.97223
481225,Mid-South Christian College,Memphis,TN,35.06417,-89.91180
481401,Grace School of Theology,The Woodlands,TX,30.20573,-95.47249
481410,Yeshiva Gedolah Kesser Torah,Monsey,NY,41.12482,-74.06855
481438,Yeshiva Yesodei Hatorah,Lakewood,NJ,40.06591,-74.20202
481535,Sanford Burnham Prebys Medical Discovery Institute,La Jolla,CA,32.90006,-117.24175
482149,Augusta University,Augusta,GA,33.47037,-81.98907
482158,Middle Georgia State University,Macon,GA,32.80809,-83.73206
482228,Veritas Baptist College,Lawrenceburg,IN,39.09375,-84.84870
482477,DeVry University-Illinois,Lisle,IL,41.80720,-88.11662
482680,University of North Georgia,Dahlonega,GA,34.53022,-83.98569
482699,South Georgia State College,Douglas,GA,31.49590,-82.85523
482936,Florida Polytechnic University,Lakeland,FL,28.15015,-81.84599
483018,Antioch College,Yellow Springs,OH,39.79981,-83.88808
483036,Texas A&M University-Central Texas,Killeen,TX,31.05341,-97.77518
483373,Integrity College of Health,Pasadena,CA,34.17125,-118.13172
483595,Ana G. Mendez University,Orlando,FL,28.48220,-81.30843
483780,Washington University of Science and Technology,Alexandria,VA,38.80187,-77.08297
483975,Alabama College of Osteopathic Medicine,Dothan,AL,31.20629,-85.34080
484613,University of Phoenix-Arizona,Phoenix,AZ,33.41128,-112.01276
484862,University of West Los Angeles,Inglewood,CA,33.94734,-118.36957
484871,Rabbinical College Ohr Yisroel,Brooklyn,NY,40.62971,-73.89652
484905,University of North Texas at Dallas,Dallas,TX,32.65959,-96.80345
485111,Georgia Military College,Milledgeville,GA,33.07944,-83.22421
485403,High Tech High Graduate School of Education,San Diego,CA,32.73200,-117.21766
485519,Lionel University,Carpinteria,CA,34.38768,-119.48642
485546,California Intercontinental University,Sioux Falls,SD,43.54758,-96.72362
485698,American College of the Building Arts,Charleston,SC,32.80509,-79.94689
485768,Atlantis University,Miami,FL,25.78650,-80.21129
485999,Bet Medrash Gadol Ateret Torah,Brooklyn,NY,40.60781,-73.96994
486017,Yeshiva Ohr Yisrael,Brooklyn,NY,40.61359,-73.94404
486026,Yeshiva Sholom Shachna,Brooklyn,NY,40.62750,-73.97343
486053,Bethlehem College & Seminary,Minneapolis,MN,44.96887,-93.25540
486080,Elmezzi Graduate School of Molecular Medicine,Manhasset,NY,40.77558,-73.70226
486196,Beth Medrash Meor Yitzchok,Monsey,NY,41.10091,-74.06084
486239,San Ignacio University,Doral,FL,25.81067,-80.36797
486257,Valor Christian College,Canal Winchester,OH,39.89157,-82.82970
486284,Bethany Global University,Bloomington,MN,44.79550,-93.37175
486354,United International College,Dania Beach,FL,26.04768,-80.14331
486840,Kennesaw State University,Kennesaw,GA,34.03881,-84.58305
486901,Milligan University,Milligan,TN,36.30015,-82.29407
487010,The University of Tennessee Health Science Center,Memphis,TN,35.13885,-90.03320
487524,Husson University,Bangor,ME,44.82900,-68.79148
487649,California Institute of Advanced Management,Alhambra,CA,34.08247,-118.15055
487746,Yeshiva Zichron Aryeh,Far Rockaway,NY,40.60611,-73.76442
487861,Felbry College,Columbus,OH,40.09578,-82.95107
487977,Martinsburg College,Cheyenne,WY,39.48704,-77.95966
487995,Alhambra Medical University,Alhambra,CA,34.08018,-118.14868
488004,Central Yeshiva Beth Joseph,Airmont,NY,40.61541,-73.95939
488031,Abraham Lincoln University,Glendale,CA,34.14629,-118.25673
488305,Elim Bible College,Lima,NY,42.90969,-77.61515
488314,Beth Medrash of Asbury Park,Lakewood,NJ,40.04371,-74.21082
488350,Yeshiva Gedolah Shaarei Shmuel,Lakewood,NJ,40.09100,-74.19760
488387,Claremont Lincoln University,Claremont,CA,34.09427,-117.71612
488448,Seattle Film Institute,Seattle,WA,47.64894,-122.37712
488527,Arkansas Colleges of Health Education,Fort Smith,AR,35.31742,-94.31908
488554,Burrell College of Osteopathic Medicine,Las Cruces,NM,32.27807,-106.73779
488572,California Health Sciences University,Clovis,CA,36.83247,-119.70198
488776,John Patrick University of Health and Applied Sciences,South Bend,IN,41.67338,-86.24973
488800,Teachers College of San Joaquin,Stockton,CA,37.90870,-121.23151
488907,Wongu University of Oriental Medicine,Las Vegas,NV,36.03274,-115.11758
489779,Purdue University Global,West Lafayette,IN,40.45655,-86.92845
489937,Carolina University,Winston-Salem,NC,36.08796,-80.25015
490045,California Prestige University,Santa Fe Springs,CA,33.88856,-118.04706
490054,HCI College,West Palm Beach,FL,26.70266,-80.08515
490081,America Evangelical University,Gardena,CA,33.88310,-118.29593
490106,Virginia University of Integrative Medicine,Vienna,VA,38.91009,-77.22432
490133,Westcliff University,Irvine,CA,33.68554,-117.84797
490203,Bolivar Technical College,Bolivar,MO,37.62377,-93.42157
490276,Yeshiva Shaar Ephraim,Monsey,NY,41.11694,-74.06086
490285,California Institute of Arts & Technology,National City,CA,32.66158,-117.10608
490319,Yeshiva Bais Aharon,Lakewood,NJ,40.10100,-74.20309
490328,Mechon L'hoyroa,Monsey,NY,41.11703,-74.05818
490346,Elyon College,Brooklyn,NY,40.61108,-73.98059
490373,Western Michigan University Homer Stryker M.D. School of Medicine,Kalamazoo,MI,42.28957,-85.57943
490504,Yeshiva Ohr Naftoli,New Windsor,NY,41.45698,-74.04629
490513,Bais Medrash Mayan Hatorah,Lakewood,NJ,40.10741,-74.20433
490753,Maine Media College,Rockport,ME,44.19371,-69.07651
490805,Purdue University Northwest,Hammond,IN,41.58432,-87.47424
491057,Yeshiva Kollel Tifereth Elizer,Brooklyn,NY,40.63710,-73.99217
491525,Union Bible College,Westfield,IN,40.03876,-86.12602
491613,Yeshiva Gedolah Tiferes Boruch,North Plainfield,NJ,40.61959,-74.43460
491622,Yeshiva Chemdas Hatorah,Lakewood,NJ,40.06351,-74.22930
491631,Women's Institute of Torah Seminary and College,Baltimore,MD,39.36135,-76.69950
491640,Yeshiva Gedolah Keren Hatorah,Lakewood,NJ,40.10928,-74.18442
491710,Yeshiva Gedolah of Cliffwood,Keyport,NJ,40.44221,-74.22423
491765,Yeshivas Emek Hatorah,Howell,NJ,40.11250,-74.23208
491808,Meridian University,Petaluma,CA,38.23088,-122.64003
491914,Yeshiva Gedola Tiferes Yerachmiel,Lakewood,NJ,40.10370,-74.19438
492069,Champion Christian College,Hot Springs,AR,34.49959,-93.06594
492689,Texas Tech University Health Scienes Center El Paso,El Paso,TX,31.77189,-106.43122
493512,San Diego Global Knowledge University,San Diego,CA,32.70822,-117.15497
493594,Yeshiva of Ocean,Greenfield Park,NY,41.73296,-74.50170
493600,Congregation Talmidei Mesivta Tiferes Shmiel Aleksander,Brooklyn,NY,40.62423,-73.99478
493664,Yeshivat Hechal Shemuel,Brooklyn,NY,40.61091,-73.95594
493673,Professional University Dr. Carlos J. Borrero Rios,Hato Rey,PR,18.41133,-66.05416
493707,Yeshiva Gedolah of Woodlake Village,Lakewood,NJ,40.09974,-74.16964
493716,Yeshiva Gedola Tiferes Yaakov Yitzchok,Lakewood,NJ,40.05654,-74.22302
493822,College Unbound,Providence,RI,41.80644,-71.41285
493895,SANS Technology Institute,North Bethesda,MD,39.04081,-77.11076
493947,Idaho College of Osteopathic Medicine,Meridian,ID,43.59452,-116.37604
493956,Cal Northern School of Law,Chico,CA,39.77452,-121.83922
493974,College of Athens,Watkinsville,GA,33.84967,-83.42111
494621,Lotus Professional College,Richmond,VA,37.59475,-77.57624
494630,Christ Mission College,San Antonio,TX,29.54341,-98.70699
494685,Urshan University,Wentzville,MO,38.80803,-90.83025
494737,Yeshiva Yesoda Hatorah Vetz Chaim,Brooklyn,NY,40.70696,-73.96103
495031,Bais Medrash of Dexter Park,Chestnut Ridge,NY,41.08140,-74.04593
495059,Oak Valley College,Rialto,CA,34.15007,-117.39089
495192,Alder Graduate School of Education,Redwood City,CA,37.48631,-122.23926
495280,Indian Bible College,Flagstaff,AZ,35.21783,-111.61573
495314,Hackensack Meridian School of Medicine,Nutley,NJ,40.83390,-74.15513
495916,Pathways College,Tempe,AZ,33.47222,-112.06553
496043,California University of Science and Medicine,Colton,CA,34.07725,-117.35049
496399,Agape College of Business and Science,Fresno,CA,36.74125,-119.78787
496627,California Northstate University,Elk Grove,CA,38.40594,-121.48154
496636,Antigua College International,Miami Lakes,FL,25.90482,-80.32762
496681,Florida Academy of Nursing,Miramar,FL,25.98001,-80.34059
497213,Great Northern University,Spokane,WA,47.67584,-117.40056
497408,Bridges Christian College,New Orleans,LA,29.93598,-90.10355
497453,Jackson Theological Seminary,North Little Rock,AR,34.75869,-92.26125
497462,Redeemers University North America,Greenville,TX,33.14660,-96.23877
497480,Reach University,Oakland,CA,37.80566,-122.27748
497693,Kansas Health Science University,Wichita,KS,37.68537,-97.33594
497718,Academy for Jewish Religion,Yonkers,NY,40.93623,-73.90014
498234,Larkin University,Miami,FL,25.94315,-80.20049
498562,Commonwealth University of Pennsylvania,Bloomsburg,PA,41.00782,-76.44784
498571,Pennsylvania Western University,California,PA,40.06496,-79.88679
498623,Justice University,Chandler,AZ,33.26556,-111.78743
498809,Yeshiva of Kasho,Brooklyn,NY,40.67126,-74.00015
498906,Yeshivas Sanz Klauzenburg,Brooklyn,NY,40.63273,-73.99013
498924,URBE University,Sweetwater,FL,25.79141,-80.38235
499875,Mosdos Yaakov V'Yisroel,Lakewood,NJ,40.09478,-74.25377
499981,Southwest University of Naprapathic Medicine,Santa Fe,NM,35.65722,-105.94872
500087,Doral College,Doral,FL,25.79809,-80.37653
